,status
0,1
1,0
2,0
4,1
5,0
7,0
8,1
9,1
10,1
11,1
12,1
13,0
14,1
15,0
16,1
17,0
18,0
19,1
20,1
21,1
22,0
23,1
24,0
25,0
26,1
27,1
28,0
29,0
30,1
31,0
32,0
33,0
34,1
35,1
36,0
38,1
40,0
41,0
42,0
44,1
45,0
46,1
47,0
48,1
49,0
50,0
51,0
52,0
53,1
54,0
55,0
56,0
57,1
58,0
59,0
60,1
61,0
62,1
63,1
65,0
66,0
67,1
68,1
69,1
70,0
71,1
72,1
73,0
74,0
75,0
76,1
77,0
78,1
80,0
81,0
82,1
83,1
84,0
85,1
86,1
87,1
88,0
89,1
90,1
91,0
92,1
93,0
94,1
95,1
96,1
97,1
99,0
100,1
101,0
102,1
103,0
104,0
105,0
106,1
107,0
108,0
109,1
110,1
111,0
112,1
113,0
114,1
115,1
116,0
117,1
118,1
119,0
120,0
121,0
122,0
123,0
124,0
125,0
126,0
127,0
128,0
129,1
130,0
131,1
132,0
133,1
134,1
135,1
136,0
138,1
139,1
140,0
141,1
142,0
144,1
145,1
146,0
147,1
148,0
149,1
150,1
151,0
152,0
153,1
154,1
155,1
156,0
157,1
158,1
159,0
160,0
161,1
162,1
163,0
164,1
165,1
166,1
167,1
168,0
169,0
170,0
171,1
172,1
173,1
174,0
175,0
176,0
177,1
179,0
180,0
181,0
182,0
183,0
184,0
185,0
186,0
188,0
189,1
190,0
191,0
192,0
193,0
194,0
195,1
196,0
197,0
198,1
199,1
200,0
201,1
202,0
203,1
204,1
206,1
207,0
208,0
209,0
210,0
211,1
212,1
213,0
214,1
215,1
216,1
217,1
218,1
219,0
220,1
221,0
222,1
223,0
224,1
225,1
226,1
227,0
228,1
229,1
231,0
232,1
233,1
234,1
235,1
236,1
237,0
238,1
239,0
240,0
241,0
242,1
243,1
244,0
245,0
246,0
248,0
249,0
250,1
251,0
252,1
253,1
254,1
255,1
256,1
257,0
258,0
259,1
260,1
261,1
262,0
263,1
264,0
265,1
266,1
267,1
268,1
269,1
270,0
271,0
272,1
274,0
275,0
277,0
278,1
279,0
280,0
281,0
282,0
283,0
285,1
286,1
287,0
288,1
289,0
290,1
291,1
292,1
293,1
294,0
295,1
296,1
297,1
298,1
299,0
300,0
301,1
304,0
305,0
306,0
307,0
308,0
309,0
310,0
312,0
313,1
314,1
315,0
316,0
317,1
318,1
319,0
320,1
321,1
322,1
323,0
324,1
325,1
326,1
327,0
328,0
329,0
330,1
331,1
332,1
333,0
334,1
335,0
336,1
337,0
339,1
340,0
341,1
342,1
343,1
344,1
345,1
346,0
347,1
348,1
349,1
350,1
351,1
352,0
353,0
354,1
355,0
356,0
357,1
358,1
359,1
360,1
361,1
362,0
363,0
364,0
365,1
366,1
367,1
368,0
369,0
370,1
371,0
372,0
373,0
374,0
375,1
376,1
377,1
378,1
379,0
380,0
381,1
382,0
383,1
384,0
385,0
386,1
387,0
388,0
389,0
390,0
392,0
393,1
394,0
395,1
396,0
397,0
398,0
399,0
400,1
401,1
402,1
403,0
404,1
405,0
406,1
407,0
409,1
410,1
411,0
412,1
413,1
415,1
416,0
417,0
418,1
419,1
420,1
421,1
422,1
423,0
424,1
425,0
426,1
427,0
429,0
430,1
432,1
433,0
434,1
435,1
436,0
437,0
438,1
439,0
440,1
441,1
442,1
443,1
444,0
445,0
447,0
448,0
449,1
450,0
451,0
452,0
453,1
454,0
455,1
456,1
457,1
458,1
459,1
460,1
461,1
462,0
463,1
464,0
465,0
466,1
467,1
468,0
469,1
470,1
471,1
472,0
473,1
474,1
476,1
477,1
478,0
479,1
481,1
482,1
483,0
484,0
485,1
486,0
487,1
488,1
489,0
490,1
491,0
493,1
494,1
495,0
496,1
497,0
498,0
499,1
500,1
501,0
502,1
503,1
504,1
505,1
506,1
507,0
509,1
510,0
511,0
512,0
513,0
514,0
515,0
517,1
518,1
519,1
521,1
522,0
523,1
524,1
525,1
526,0
527,0
528,1
530,1
531,1
532,0
533,1
534,1
535,0
536,1
537,1
538,0
539,0
540,0
541,1
542,0
543,1
544,1
545,1
546,0
547,1
548,0
549,1
550,0
551,0
552,0
553,1
554,1
555,1
556,1
557,1
558,0
559,1
560,1
561,0
562,0
563,0
564,1
565,1
566,0
567,0
568,0
569,1
570,0
571,1
572,0
573,1
574,0
575,0
576,0
577,1
578,1
579,0
580,1
581,1
582,0
583,1
584,0
585,1
586,1
587,1
588,1
589,1
590,0
591,0
592,1
593,0
594,0
595,0
596,0
597,0
598,0
599,1
600,0
602,1
604,0
605,0
606,1
607,0
608,0
609,1
610,1
611,0
612,0
613,0
614,1
615,1
616,0
619,0
620,1
621,0
622,1
623,0
624,1
625,1
626,0
627,0
628,0
629,0
630,1
631,1
632,0
634,1
636,1
637,0
638,0
639,1
640,1
641,1
642,1
643,0
644,1
645,0
646,1
647,0
648,1
649,0
650,0
651,1
652,1
653,0
654,1
655,1
656,1
657,0
658,0
659,1
660,1
661,0
662,0
663,0
664,0
665,0
666,1
667,1
668,0
669,1
670,0
671,1
672,1
674,0
675,0
676,1
677,0
678,1
679,1
680,1
681,0
683,0
684,0
685,0
686,1
687,1
689,1
690,1
691,0
692,0
693,0
694,0
695,0
696,0
697,0
698,1
699,1
700,0
701,0
702,0
703,0
704,1
705,1
706,1
707,1
708,1
709,1
710,0
711,0
712,1
713,1
714,0
715,0
716,0
717,0
718,1
719,1
720,1
721,1
722,0
723,1
724,0
725,1
726,0
727,0
728,0
729,1
730,0
731,0
732,1
733,1
734,1
735,1
736,0
737,1
738,1
739,1
740,0
741,0
742,1
743,0
744,0
745,0
746,1
747,1
748,1
749,0
750,0
751,0
752,0
753,0
754,1
755,0
756,0
757,1
758,0
759,1
760,0
761,1
762,0
763,1
764,1
765,0
766,0
767,0
768,1
769,0
770,1
771,1
772,0
773,0
774,0
775,1
776,1
778,1
779,1
780,0
781,0
782,1
784,1
785,0
786,1
787,0
788,0
789,0
790,0
791,0
792,1
794,0
795,1
796,0
797,1
798,0
799,0
800,0
801,0
802,0
803,1
804,0
805,1
806,1
808,0
809,1
810,1
811,0
812,1
813,1
814,1
815,0
816,0
817,1
818,1
819,1
820,0
821,0
822,0
823,0
824,1
826,0
827,1
828,0
829,1
830,1
831,1
832,0
833,0
834,0
835,0
836,1
837,0
838,1
839,1
841,1
842,0
843,0
844,1
845,1
846,1
847,0
848,0
849,1
850,0
851,1
852,1
853,0
854,1
855,0
856,1
858,1
859,0
860,0
861,0
863,0
864,1
865,0
866,1
867,1
868,0
869,0
870,1
872,1
873,0
874,1
875,0
876,1
877,1
878,1
879,1
880,1
881,1
882,0
883,0
884,0
885,1
886,1
887,0
888,1
889,1
890,0
891,1
892,1
894,1
895,0
896,1
897,0
899,0
900,1
901,1
902,1
903,1
904,1
905,0
907,1
908,0
909,0
910,0
911,0
912,0
913,1
914,1
915,1
916,1
917,1
918,0
919,0
920,0
921,0
923,0
924,1
926,0
927,1
928,1
929,1
930,0
931,0
932,0
933,1
934,0
935,0
936,1
937,0
938,0
939,1
940,1
941,0
942,1
943,1
945,1
946,1
947,1
948,0
949,1
950,0
951,1
952,0
953,1
954,0
955,1
956,0
958,0
959,1
960,1
961,1
962,0
963,1
964,0
965,1
966,1
967,1
968,0
969,1
970,1
971,0
972,0
973,1
974,0
975,0
976,0
977,0
978,1
979,1
980,0
981,0
982,1
983,0
984,0
985,0
986,0
987,0
989,1
990,1
991,0
992,0
993,0
994,0
995,0
996,1
997,0
998,1
999,1
1000,0
1001,0
1002,0
1003,0
1004,0
1006,1
1007,0
1008,1
1009,1
1010,0
1012,0
1013,0
1014,0
1016,0
1017,1
1018,0
1019,0
1021,1
1022,1
1023,0
1024,0
1025,1
1026,1
1027,0
1028,1
1029,1
1031,1
1032,0
1033,0
1034,0
1035,0
1036,0
1037,1
1038,1
1039,0
1040,1
1041,0
1042,1
1043,0
1044,0
1045,0
1046,0
1047,0
1048,1
1049,1
1050,1
1051,1
1052,0
1053,0
1054,1
1055,0
1056,1
1057,0
1058,0
1059,1
1060,1
1061,0
1062,0
1063,1
1064,0
1065,0
1066,1
1067,1
1068,0
1069,1
1070,1
1071,0
1072,0
1073,1
1074,1
1075,0
1076,0
1077,1
1079,1
1080,1
1081,1
1082,0
1083,0
1084,0
1085,1
1086,1
1087,0
1088,0
1089,0
1090,1
1091,0
1092,1
1093,1
1094,1
1095,1
1097,1
1098,1
1099,1
1100,1
1101,1
1102,1
1103,1
1104,0
1105,1
1106,1
1107,0
1108,0
1109,1
1110,0
1111,1
1112,0
1113,0
1114,1
1115,1
1116,0
1117,0
1118,1
1119,1
1120,1
1121,0
1122,0
1123,1
1124,0
1125,0
1126,1
1127,0
1128,1
1130,1
1131,0
1132,1
1133,0
1134,1
1135,1
1136,0
1137,1
1138,1
1139,1
1140,0
1141,1
1142,1
1143,1
1144,1
1145,0
1146,1
1147,0
1148,0
1149,0
1151,1
1152,0
1153,0
1154,1
1155,1
1156,1
1157,1
1158,1
1159,0
1160,1
1161,0
1162,1
1163,0
1164,0
1165,0
1166,0
1167,1
1168,1
1169,0
1170,0
1171,0
1172,0
1173,0
1174,0
1175,0
1176,0
1177,0
1178,1
1179,0
1180,0
1181,0
1182,0
1183,1
1184,1
1185,1
1186,1
1187,0
1188,0
1189,1
1190,1
1191,0
1192,1
1193,0
1194,0
1195,1
1197,0
1198,0
1199,0
1200,0
1201,0
1202,0
1203,0
1204,0
1205,0
1206,0
1207,1
1208,0
1209,0
1210,0
1212,0
1213,1
1214,1
1215,1
1216,0
1217,0
1218,1
1219,0
1220,1
1222,0
1223,1
1224,0
1225,1
1226,0
1227,0
1228,1
1229,1
1230,1
1231,0
1233,0
1234,0
1235,0
1236,0
1237,1
1238,0
1239,1
1240,0
1241,1
1243,0
1244,1
1245,0
1246,1
1247,0
1248,0
1249,0
1250,0
1251,0
1252,0
1254,1
1255,1
1256,0
1257,1
1258,1
1259,0
1260,0
1261,0
1262,0
1263,1
1264,1
1266,1
1267,0
1268,1
1269,0
1270,0
1271,1
1272,1
1273,0
1274,0
1276,0
1277,0
1278,1
1279,0
1280,1
1281,0
1282,0
1283,0
1284,1
1285,1
1286,1
1287,1
1288,0
1289,0
1290,0
1291,1
1292,1
1293,0
1294,0
1296,1
1297,1
1298,1
1299,1
1300,1
1301,1
1302,1
1303,0
1304,1
1305,1
1306,0
1307,0
1308,0
1309,0
1310,1
1311,0
1312,1
1313,0
1314,1
1315,0
1316,0
1317,1
1318,1
1319,1
1321,0
1322,0
1323,1
1325,0
1327,0
1328,0
1329,0
1330,1
1331,0
1332,1
1333,1
1334,0
1335,1
1336,0
1337,0
1338,1
1339,1
1340,1
1341,1
1342,1
1343,1
1344,0
1345,1
1346,1
1347,0
1348,1
1349,1
1350,1
1351,0
1352,0
1353,1
1355,1
1356,0
1357,0
1358,0
1359,1
1360,0
1361,1
1362,0
1363,1
1364,0
1365,0
1366,0
1368,0
1369,1
1370,0
1371,1
1372,1
1373,0
1374,0
1375,0
1376,1
1377,0
1378,1
1379,1
1380,1
1381,1
1383,0
1384,1
1385,1
1386,1
1387,1
1388,0
1389,1
1390,0
1391,1
1392,1
1393,1
1394,1
1395,1
1396,1
1397,1
1399,1
1400,1
1401,0
1402,0
1403,0
1404,1
1405,0
1406,0
1407,0
1408,0
1409,1
1410,0
1411,0
1412,1
1413,1
1414,0
1415,0
1416,0
1417,0
1418,0
1419,0
1420,0
1421,1
1422,0
1424,0
1425,0
1426,0
1428,1
1429,0
1430,1
1431,1
1432,1
1433,1
1434,0
1435,0
1436,1
1437,0
1438,0
1439,0
1440,0
1441,0
1442,1
1443,1
1444,0
1445,1
1446,0
1447,1
1448,0
1449,0
1450,0
1451,1
1452,1
1455,0
1456,0
1457,1
1458,1
1459,1
1460,1
1461,1
1462,1
1463,0
1464,0
1465,1
1466,0
1467,1
1468,0
1469,0
1470,0
1471,0
1472,1
1473,1
1474,1
1475,1
1476,0
1477,0
1478,0
1479,0
1480,0
1481,0
1482,1
1483,1
1484,1
1485,0
1486,0
1487,1
1489,0
1490,1
1491,0
1492,0
1493,1
1495,0
1496,1
1497,0
1498,0
1499,0
1500,1
1501,1
1502,1
1503,1
1504,1
1505,0
1506,1
1507,0
1508,0
1509,0
1510,1
1511,1
1512,0
1513,1
1514,1
1515,0
1516,0
1517,0
1518,0
1519,0
1520,0
1521,1
1522,1
1523,1
1524,1
1525,1
1526,1
1527,0
1528,0
1530,0
1531,0
1533,0
1534,1
1535,0
1537,1
1538,0
1539,0
1540,1
1541,1
1542,0
1543,0
1544,0
1545,0
1546,1
1547,1
1548,1
1549,0
1550,0
1551,0
1552,0
1553,1
1554,1
1555,1
1556,1
1557,0
1558,1
1559,1
1561,0
1562,1
1563,0
1564,0
1565,0
1566,1
1567,1
1568,0
1569,1
1570,1
1571,1
1572,1
1573,0
1574,0
1575,0
1576,0
1577,1
1578,0
1579,1
1580,1
1581,1
1582,0
1583,1
1584,0
1586,1
1587,0
1589,0
1590,1
1593,1
1594,1
1595,1
1596,1
1597,0
1598,0
1599,1
1600,1
1601,1
1602,0
1603,1
1604,1
1606,0
1607,0
1608,0
1609,0
1610,1
1611,1
1612,1
1615,1
1616,1
1617,0
1618,1
1619,1
1620,0
1621,1
1622,0
1623,0
1624,1
1625,1
1626,0
1627,0
1628,1
1629,1
1630,0
1631,0
1632,0
1633,0
1634,0
1635,0
1636,1
1638,1
1639,0
1640,1
1641,1
1642,1
1643,1
1644,1
1645,0
1646,1
1647,0
1648,1
1649,0
1650,1
1651,0
1652,0
1653,0
1654,1
1655,1
1656,0
1657,0
1659,0
1660,0
1661,0
1663,1
1664,0
1665,1
1666,0
1667,0
1668,0
1669,0
1670,1
1671,1
1673,0
1674,0
1675,1
1676,1
1677,0
1678,0
1679,0
1680,1
1681,0
1682,1
1683,0
1684,1
1685,1
1686,0
1687,0
1688,0
1689,1
1690,1
1691,0
1692,0
1693,0
1694,1
1695,1
1696,1
1697,1
1698,1
1699,0
1700,1
1701,0
1702,0
1703,0
1704,1
1705,1
1706,0
1707,0
1708,1
1709,1
1710,0
1711,0
1712,1
1713,0
1715,1
1716,1
1717,0
1718,0
1719,1
1720,1
1721,1
1722,0
1723,0
1724,1
1725,0
1726,1
1727,1
1728,0
1729,1
1730,1
1731,0
1732,1
1733,0
1735,0
1736,0
1737,1
1738,0
1739,0
1740,0
1741,1
1742,0
1743,0
1744,1
1745,1
1746,1
1747,1
1748,1
1749,0
1750,0
1751,1
1752,1
1753,0
1754,0
1755,0
1756,1
1757,0
1758,0
1759,0
1760,0
1761,1
1762,1
1763,1
1764,0
1765,0
1766,0
1767,1
1768,0
1769,0
1770,0
1771,1
1772,1
1773,0
1774,1
1775,1
1776,0
1777,1
1778,1
1779,0
1780,0
1781,1
1782,0
1783,1
1784,0
1785,0
1786,1
1787,1
1788,1
1789,0
1790,0
1791,0
1792,0
1793,1
1794,1
1795,0
1796,0
1797,1
1798,0
1799,0
1801,0
1802,1
1803,0
1804,0
1805,1
1806,1
1807,1
1808,0
1809,0
1811,1
1812,1
1813,0
1814,0
1815,1
1816,0
1817,1
1818,0
1819,0
1820,0
1821,0
1822,0
1823,1
1824,0
1825,0
1826,1
1827,0
1828,0
1829,0
1830,0
1831,1
1832,0
1833,0
1834,0
1835,1
1836,1
1837,0
1838,1
1840,1
1841,1
1842,1
1843,1
1844,1
1845,0
1846,1
1847,1
1848,0
1849,0
1851,0
1852,0
1853,1
1854,1
1855,1
1856,0
1857,1
1858,0
1859,0
1860,1
1861,0
1862,0
1863,1
1864,1
1865,0
1866,1
1867,0
1870,1
1871,0
1872,0
1873,1
1874,1
1875,1
1877,0
1878,1
1879,1
1880,1
1881,1
1882,0
1885,0
1886,0
1887,1
1888,0
1889,0
1890,1
1891,0
1892,1
1893,0
1894,1
1896,0
1897,0
1898,1
1899,0
1901,0
1902,0
1903,1
1904,0
1905,1
1906,1
1907,0
1908,0
1910,1
1911,0
1912,0
1913,0
1914,0
1916,0
1917,1
1918,0
1919,0
1920,0
1921,0
1922,1
1923,0
1925,0
1926,1
1927,1
1928,1
1929,0
1930,1
1931,1
1932,0
1933,1
1934,0
1935,0
1936,0
1937,1
1938,0
1939,1
1940,1
1941,1
1942,0
1943,0
1944,1
1945,1
1946,0
1947,1
1948,0
1949,0
1950,0
1951,0
1952,0
1953,0
1954,1
1955,1
1956,1
1957,1
1958,0
1959,0
1960,0
1961,0
1962,0
1964,1
1965,1
1966,0
1967,1
1968,1
1969,1
1970,0
1971,1
1972,1
1973,1
1974,1
1975,0
1976,0
1977,0
1978,1
1979,1
1980,0
1981,0
1982,1
1983,1
1984,0
1985,1
1986,1
1987,1
1988,1
1990,0
1991,0
1992,1
1993,1
1994,0
1995,0
1996,1
1997,1
1998,1
1999,1
2000,1
2001,0
2002,0
2003,0
2004,1
2005,1
2006,1
2007,1
2008,0
2009,0
2010,1
2012,0
2013,1
2014,1
2015,1
2016,0
2017,1
2018,1
2019,1
2020,0
2021,1
2022,0
2023,0
2024,1
2025,0
2026,0
2027,1
2028,0
2029,1
2030,1
2031,1
2032,0
2033,0
2034,0
2035,0
2036,0
2037,1
2039,1
2040,0
2041,0
2042,1
2043,1
2044,0
2045,1
2046,1
2047,0
2048,1
2049,0
2050,0
2051,0
2052,1
2053,1
2054,0
2055,1
2056,0
2057,0
2058,0
2059,1
2060,1
2061,0
2062,0
2063,0
2064,0
2065,0
2066,1
2067,0
2068,0
2069,0
2070,1
2071,1
2072,0
2073,1
2074,1
2076,0
2077,0
2078,0
2079,1
2080,1
2081,1
2082,1
2083,0
2084,0
2085,0
2086,0
2087,1
2088,1
2089,1
2090,1
2091,0
2092,1
2093,0
2094,0
2095,0
2096,1
2097,1
2098,1
2099,0
2100,1
2101,1
2102,0
2103,0
2104,1
2106,1
2107,0
2108,0
2109,1
2110,1
2111,0
2112,1
2113,0
2114,1
2115,0
2116,1
2117,0
2118,1
2119,1
2120,1
2121,1
2122,0
2123,0
2124,1
2125,0
2126,0
2127,1
2128,1
2129,1
2130,0
2131,0
2132,1
2133,0
2134,0
2135,1
2136,1
2137,0
2138,0
2139,0
2140,0
2141,1
2142,0
2143,1
2144,0
2145,1
2146,0
2147,1
2148,0
2149,1
2150,1
2151,0
2152,1
2153,0
2154,0
2155,1
2156,1
2157,0
2158,0
2159,1
2160,0
2161,0
2162,0
2163,1
2164,0
2165,0
2166,1
2167,0
2168,0
2169,1
2170,1
2171,1
2172,0
2174,0
2175,0
2176,0
2177,1
2178,1
2180,0
2181,1
2182,1
2183,1
2184,0
2186,0
2187,1
2188,1
2189,0
2190,0
2191,1
2192,0
2193,1
2194,0
2195,0
2196,0
2197,1
2199,1
2200,1
2201,0
2202,0
2203,0
2204,0
2205,1
2206,0
2207,1
2208,1
2209,1
2211,1
2212,1
2213,1
2214,1
2216,0
2217,1
2218,1
2219,0
2220,0
2221,1
2222,0
2223,0
2224,1
2225,0
2226,1
2227,0
2228,1
2229,0
2230,0
2231,1
2232,1
2233,0
2234,1
2235,0
2236,1
2237,1
2238,1
2239,0
2240,1
2241,1
2242,0
2243,1
2244,1
2245,0
2246,1
2247,0
2248,1
2249,1
2250,1
2251,0
2252,0
2253,0
2254,0
2255,1
2256,0
2257,1
2258,1
2259,1
2260,1
2261,1
2262,1
2263,0
2264,0
2265,0
2266,0
2267,1
2268,0
2269,0
2270,1
2271,1
2272,0
2273,0
2274,0
2275,1
2276,1
2277,0
2278,0
2279,0
2280,0
2281,1
2282,1
2283,0
2284,1
2285,1
2286,1
2287,0
2288,1
2290,0
2291,1
2292,0
2293,1
2294,1
2295,1
2296,1
2297,1
2298,1
2299,1
2300,1
2301,1
2302,1
2303,0
2304,0
2305,0
2307,1
2308,1
2309,0
2310,0
2311,1
2312,1
2313,1
2314,0
2315,1
2316,1
2317,1
2318,1
2319,0
2320,1
2321,0
2322,1
2323,0
2324,1
2325,1
2326,0
2327,0
2328,0
2329,1
2330,1
2331,0
2332,1
2333,1
2334,1
2335,0
2336,0
2337,0
2338,1
2339,0
2340,0
2341,0
2342,1
2343,0
2344,0
2345,0
2346,0
2347,1
2348,0
2349,1
2350,0
2351,1
2352,1
2353,1
2354,0
2355,0
2356,1
2357,1
2358,1
2359,1
2361,1
2362,0
2363,0
2364,0
2365,0
2366,0
2367,0
2368,0
2369,1
2370,1
2371,0
2372,0
2373,1
2374,1
2375,0
2376,1
2377,1
2378,0
2379,0
2380,1
2381,1
2382,0
2383,0
2384,1
2385,0
2386,0
2387,0
2388,1
2389,0
2390,0
2391,0
2392,0
2393,0
2394,1
2395,0
2396,0
2397,1
2398,1
2399,1
2400,1
2401,1
2402,0
2403,1
2404,1
2406,1
2407,0
2408,1
2409,0
2410,0
2411,1
2412,1
2413,0
2414,0
2415,0
2416,1
2418,1
2419,1
2420,1
2421,0
2422,1
2423,0
2424,0
2425,0
2426,1
2428,0
2429,1
2430,0
2431,1
2432,0
2433,1
2434,1
2435,0
2436,0
2437,1
2438,0
2439,1
2440,1
2441,0
2442,1
2443,1
2444,1
2445,0
2446,0
2447,1
2448,1
2449,1
2450,1
2451,1
2453,0
2454,0
2455,1
2456,1
2457,0
2458,0
2459,1
2460,0
2461,1
2462,1
2463,0
2464,0
2465,1
2467,0
2468,1
2469,0
2470,1
2472,0
2473,0
2474,1
2475,0
2476,1
2477,1
2478,0
2479,1
2480,0
2482,0
2484,0
2485,0
2486,0
2487,1
2488,1
2489,0
2490,1
2491,1
2492,0
2493,1
2494,1
2495,1
2496,1
2497,0
2499,1
2500,0
2501,0
2502,0
2503,0
2504,0
2505,1
2507,0
2508,1
2509,1
2510,1
2511,0
2512,1
2513,0
2514,1
2515,0
2516,0
2517,0
2518,1
2519,0
2520,0
2521,0
2522,1
2523,1
2524,1
2525,1
2526,1
2527,0
2528,0
2529,1
2530,0
2531,1
2532,0
2533,1
2534,1
2535,0
2536,1
2537,1
2538,1
2540,0
2541,1
2542,0
2543,1
2544,1
2545,1
2546,1
2547,0
2548,1
2549,0
2550,0
2551,1
2552,1
2553,0
2554,1
2555,1
2556,0
2557,1
2558,1
2559,0
2560,0
2561,1
2562,0
2563,1
2564,1
2565,1
2566,1
2567,1
2568,1
2569,1
2570,1
2571,1
2572,0
2573,1
2574,1
2575,1
2576,0
2577,0
2578,0
2579,1
2580,1
2581,0
2582,1
2583,0
2584,1
2585,1
2586,0
2587,0
2588,1
2589,1
2590,1
2591,0
2592,0
2593,0
2594,0
2595,1
2596,1
2597,1
2598,0
2599,1
2600,1
2601,0
2602,1
2603,1
2604,1
2605,0
2606,0
2607,0
2608,1
2609,0
2610,0
2611,0
2612,1
2613,0
2614,0
2616,1
2617,0
2618,1
2619,0
2620,1
2621,1
2622,0
2623,1
2624,1
2625,0
2626,0
2627,0
2628,0
2629,1
2630,1
2631,0
2632,1
2633,0
2634,1
2635,1
2636,0
2637,0
2638,0
2639,0
2640,1
2641,0
2642,0
2643,0
2644,1
2645,1
2646,0
2648,1
2649,1
2650,0
2651,1
2652,0
2653,0
2654,1
2655,0
2656,0
2657,0
2658,0
2659,0
2660,1
2661,1
2662,0
2663,0
2664,1
2665,1
2667,1
2668,0
2669,1
2670,0
2671,0
2672,1
2673,0
2674,0
2675,0
2676,0
2677,1
2678,0
2679,1
2680,0
2681,0
2682,0
2683,1
2684,1
2685,1
2686,1
2687,0
2688,1
2689,1
2690,0
2691,1
2692,1
2693,0
2694,0
2695,1
2697,0
2698,0
2699,0
2700,1
2701,1
2703,0
2704,0
2705,1
2706,0
2707,0
2708,0
2709,0
2710,0
2711,0
2712,1
2713,0
2714,0
2715,0
2716,1
2717,0
2718,1
2719,0
2720,0
2721,1
2722,1
2723,0
2724,0
2725,0
2726,0
2727,0
2728,1
2729,0
2731,0
2732,0
2733,0
2734,1
2735,0
2736,1
2737,1
2738,0
2739,1
2740,0
2741,0
2742,1
2743,0
2744,1
2745,0
2746,1
2747,0
2748,0
2749,1
2750,1
2751,0
2753,0
2754,1
2755,0
2756,1
2757,0
2758,0
2759,0
2760,1
2761,0
2762,1
2763,0
2764,1
2765,0
2766,0
2767,0
2768,1
2769,0
2772,0
2773,0
2774,0
2775,1
2776,1
2777,1
2778,1
2779,1
2780,1
2782,1
2783,1
2784,1
2785,0
2786,1
2787,0
2788,1
2789,0
2790,0
2791,1
2793,1
2794,0
2795,1
2796,0
2797,0
2798,1
2799,1
2800,1
2801,1
2802,1
2803,1
2804,1
2805,1
2807,0
2808,0
2809,1
2810,0
2811,0
2812,0
2813,1
2814,0
2815,1
2816,1
2817,1
2818,1
2819,1
2820,0
2821,1
2822,0
2823,1
2824,1
2825,1
2826,0
2827,1
2828,1
2829,1
2830,1
2831,0
2833,0
2834,0
2835,1
2836,0
2837,1
2838,0
2839,0
2840,1
2841,1
2842,0
2843,1
2844,1
2846,1
2847,1
2848,0
2849,1
2850,0
2851,1
2852,1
2853,1
2854,0
2855,0
2856,1
2857,0
2858,0
2859,1
2860,1
2861,0
2862,0
2863,0
2864,1
2865,1
2866,1
2867,0
2868,1
2870,0
2871,1
2872,1
2873,0
2874,0
2875,0
2876,0
2877,1
2878,1
2879,1
2880,0
2881,1
2882,1
2883,0
2884,0
2885,1
2886,1
2887,0
2888,0
2889,1
2890,1
2891,0
2892,0
2893,0
2894,1
2895,0
2896,1
2897,0
2898,0
2899,0
2900,1
2901,1
2902,1
2903,0
2904,0
2905,0
2906,0
2907,0
2908,0
2909,1
2911,1
2912,1
2913,0
2914,1
2915,0
2916,1
2917,0
2919,0
2920,0
2922,0
2923,1
2924,1
2925,0
2926,0
2927,1
2928,0
2929,1
2930,1
2931,1
2932,1
2933,1
2934,1
2935,0
2936,1
2937,1
2938,0
2939,0
2940,1
2941,0
2942,1
2943,0
2944,0
2945,0
2946,0
2947,0
2948,0
2949,1
2950,1
2951,0
2952,0
2953,1
2954,0
2955,1
2956,1
2957,0
2958,1
2959,0
2960,0
2961,0
2962,1
2964,1
2965,0
2966,0
2967,1
2968,1
2969,1
2970,1
2971,1
2972,0
2973,0
2974,0
2975,1
2976,1
2977,1
2978,1
2979,1
2980,1
2981,1
2983,1
2984,1
2985,0
2986,1
2988,0
2989,1
2991,1
2992,1
2993,1
2994,0
2996,1
2997,1
2998,0
2999,0
3000,0
3001,1
3002,1
3003,0
3004,0
3005,1
3006,1
3007,1
3008,1
3010,0
3011,0
3012,1
3013,1
3014,0
3015,0
3016,1
3017,1
3019,0
3020,0
3021,0
3022,1
3023,1
3024,1
3025,1
3026,1
3028,1
3029,1
3030,1
3031,0
3032,1
3033,1
3034,1
3035,1
3036,0
3037,1
3038,1
3039,0
3040,1
3041,0
3042,0
3043,1
3044,1
3045,1
3046,0
3047,0
3048,1
3049,1
3050,1
3051,1
3052,0
3053,0
3054,1
3055,0
3056,1
3057,0
3058,0
3059,1
3060,0
3061,1
3064,0
3065,1
3066,1
3067,0
3068,0
3069,1
3070,0
3071,1
3072,0
3073,0
3075,1
3076,0
3077,0
3078,1
3080,1
3081,0
3083,1
3084,0
3085,0
3086,0
3087,1
3088,0
3089,0
3090,1
3091,1
3092,1
3093,1
3094,1
3095,1
3096,0
3097,0
3098,1
3099,1
3100,1
3101,1
3102,1
3103,0
3104,1
3105,1
3106,0
3107,1
3108,1
3109,0
3110,0
3111,0
3112,0
3113,1
3114,0
3115,1
3116,1
3117,0
3118,1
3119,1
3120,0
3121,0
3122,0
3123,0
3124,0
3125,1
3126,0
3127,0
3129,0
3131,1
3132,0
3133,1
3134,0
3135,0
3136,0
3137,1
3138,0
3139,1
3140,1
3141,1
3142,1
3143,1
3144,1
3145,0
3146,1
3147,0
3148,1
3149,0
3151,0
3152,1
3153,0
3154,1
3155,0
3156,0
3157,0
3158,0
3159,0
3161,0
3162,1
3163,1
3164,0
3165,1
3166,1
3167,0
3168,1
3169,0
3170,1
3171,0
3172,1
3173,0
3174,0
3175,0
3176,1
3177,1
3178,1
3179,1
3180,1
3181,0
3182,0
3183,1
3184,1
3185,0
3186,0
3187,0
3188,0
3189,0
3190,1
3191,0
3192,0
3193,1
3194,0
3195,0
3196,0
3197,1
3198,0
3199,0
3200,1
3201,0
3202,0
3203,0
3204,0
3205,1
3207,0
3208,1
3209,1
3210,1
3211,0
3212,1
3213,0
3214,1
3215,1
3218,0
3219,0
3220,0
3221,0
3222,1
3223,1
3224,1
3225,1
3226,0
3227,1
3228,0
3229,0
3230,1
3231,1
3232,1
3233,0
3234,1
3235,0
3236,0
3237,1
3238,0
3239,0
3240,1
3241,1
3242,1
3243,0
3244,1
3245,0
3246,1
3248,1
3249,0
3250,0
3251,0
3252,1
3253,0
3254,0
3255,1
3256,0
3257,0
3258,0
3259,1
3260,0
3261,1
3263,0
3264,1
3265,1
3266,0
3267,1
3268,0
3269,1
3270,0
3271,1
3272,1
3273,0
3274,0
3275,0
3276,1
3277,0
3279,1
3280,0
3281,1
3283,1
3284,0
3285,0
3286,1
3287,1
3288,0
3289,0
3290,1
3291,0
3292,0
3293,0
3294,1
3295,0
3296,0
3297,1
3298,0
3299,0
3300,1
3302,1
3303,0
3304,1
3305,1
3306,1
3307,0
3308,0
3309,1
3310,0
3311,0
3312,0
3313,0
3314,0
3315,1
3316,1
3317,0
3318,0
3319,0
3320,1
3321,0
3322,1
3323,1
3324,0
3325,0
3326,1
3327,1
3328,0
3329,0
3330,1
3331,0
3332,0
3333,1
3334,1
3335,1
3336,1
3337,1
3338,0
3339,0
3340,1
3341,0
3342,1
3343,1
3344,0
3345,1
3346,1
3347,1
3348,1
3349,0
3350,0
3351,1
3352,0
3353,1
3354,1
3355,1
3356,1
3357,1
3358,1
3359,0
3360,1
3361,0
3362,1
3363,0
3364,1
3365,1
3366,1
3367,0
3368,1
3369,0
3370,0
3372,0
3373,0
3374,0
3375,0
3377,1
3379,1
3380,1
3381,0
3382,1
3383,0
3384,1
3385,0
3386,1
3387,0
3388,1
3389,1
3391,1
3392,0
3393,1
3394,0
3395,0
3396,0
3397,1
3398,0
3399,1
3400,0
3401,0
3403,1
3404,1
3405,0
3406,0
3407,0
3408,1
3409,1
3410,0
3411,0
3412,1
3413,1
3414,0
3415,1
3416,0
3417,0
3418,1
3419,0
3420,0
3421,1
3422,1
3423,0
3424,1
3425,0
3427,1
3428,1
3429,1
3430,0
3431,0
3432,1
3433,0
3434,0
3435,0
3436,1
3437,0
3438,0
3439,1
3440,1
3441,0
3442,1
3443,0
3444,1
3445,0
3446,1
3447,1
3448,1
3449,0
3450,1
3451,0
3452,1
3453,1
3454,0
3455,0
3456,1
3457,1
3458,1
3459,0
3460,0
3461,1
3462,1
3463,0
3464,0
3465,1
3466,0
3467,0
3468,0
3469,0
3470,0
3471,0
3472,1
3473,1
3474,0
3475,0
3476,0
3477,1
3478,0
3479,0
3480,0
3481,0
3483,0
3484,0
3485,0
3486,1
3487,0
3488,1
3489,1
3490,1
3491,1
3492,0
3493,0
3494,1
3497,0
3498,1
3499,0
3500,1
3501,0
3502,0
3503,1
3504,0
3505,1
3506,1
3507,1
3508,0
3509,0
3510,0
3511,0
3512,1
3513,1
3514,0
3515,1
3517,0
3518,1
3519,1
3520,0
3521,1
3522,0
3523,0
3524,0
3525,0
3526,1
3528,1
3529,1
3530,0
3531,0
3532,1
3533,0
3534,1
3535,1
3536,0
3538,1
3539,1
3540,1
3541,1
3542,0
3543,1
3544,1
3545,0
3546,1
3547,0
3548,0
3549,1
3550,1
3551,1
3552,1
3553,1
3554,1
3555,1
3556,1
3557,1
3558,1
3559,1
3560,0
3561,1
3562,0
3563,0
3564,0
3565,1
3566,1
3567,1
3568,1
3569,1
3570,1
3571,0
3572,1
3573,0
3574,0
3575,0
3576,1
3577,0
3579,0
3580,0
3581,0
3582,0
3583,0
3584,1
3585,1
3586,0
3587,1
3588,0
3589,1
3590,0
3591,0
3592,0
3593,1
3594,1
3595,0
3596,0
3597,0
3598,0
3599,1
3600,0
3601,0
3603,0
3604,1
3605,1
3606,1
3607,0
3608,0
3609,0
3610,0
3611,0
3612,0
3613,0
3615,1
3616,0
3617,1
3618,0
3619,1
3620,1
3621,1
3622,1
3623,0
3624,1
3625,1
3626,1
3627,1
3628,1
3629,1
3630,0
3631,0
3632,1
3633,0
3634,0
3635,1
3636,0
3637,1
3638,0
3639,0
3640,0
3641,1
3642,1
3643,1
3644,1
3645,1
3646,0
3647,1
3648,1
3649,0
3650,0
3651,0
3652,1
3653,0
3654,0
3655,0
3656,0
3658,0
3659,0
3660,1
3661,0
3662,0
3663,1
3664,0
3665,0
3666,1
3667,0
3668,0
3669,0
3671,0
3672,0
3673,1
3674,0
3675,0
3676,1
3677,0
3678,1
3679,1
3680,1
3681,0
3682,1
3683,0
3684,1
3685,0
3686,1
3687,1
3688,1
3689,0
3690,1
3691,1
3692,1
3693,0
3694,1
3695,0
3696,1
3697,0
3698,0
3699,1
3700,1
3701,0
3702,1
3703,0
3704,1
3705,0
3706,1
3707,0
3708,1
3709,1
3710,1
3711,0
3712,0
3713,1
3714,0
3715,0
3716,1
3717,1
3718,0
3719,1
3720,1
3721,0
3722,0
3723,0
3724,0
3725,1
3726,0
3727,1
3728,0
3729,0
3730,1
3731,1
3732,0
3733,1
3734,1
3735,1
3736,1
3737,1
3738,0
3739,0
3740,1
3741,1
3742,0
3743,0
3744,0
3745,0
3746,1
3747,0
3748,0
3750,1
3751,0
3752,0
3753,0
3754,1
3755,1
3757,0
3758,1
3759,1
3760,0
3761,1
3762,0
3763,1
3764,0
3765,1
3766,0
3768,0
3769,1
3770,1
3773,0
3774,0
3775,0
3776,1
3778,1
3779,1
3780,0
3781,0
3782,0
3783,1
3784,0
3785,0
3786,0
3787,0
3788,0
3789,0
3790,0
3791,1
3792,1
3793,1
3794,1
3795,1
3796,0
3797,0
3798,1
3799,0
3800,0
3801,0
3802,0
3803,1
3804,0
3806,0
3808,1
3809,0
3810,0
3811,0
3812,0
3813,0
3814,1
3815,0
3816,0
3817,0
3818,0
3819,0
3820,1
3821,0
3822,1
3823,1
3825,0
3826,0
3827,0
3828,0
3829,0
3830,0
3831,0
3833,1
3834,0
3835,0
3836,0
3837,1
3838,0
3839,1
3840,1
3841,1
3842,0
3843,1
3844,1
3845,0
3846,0
3847,1
3848,1
3849,0
3850,0
3851,0
3852,0
3853,1
3854,1
3855,1
3856,0
3857,1
3858,0
3859,1
3860,1
3861,1
3862,1
3863,0
3864,1
3866,0
3867,0
3868,0
3869,0
3870,0
3871,1
3872,0
3873,0
3874,1
3875,0
3876,0
3877,0
3878,1
3879,0
3880,0
3881,1
3882,1
3883,1
3884,1
3885,0
3886,0
3887,1
3888,0
3889,1
3890,0
3891,0
3892,1
3893,0
3894,1
3895,0
3896,1
3897,0
3898,1
3900,1
3901,1
3902,1
3903,1
3904,0
3905,0
3906,1
3908,1
3909,0
3911,0
3912,1
3913,0
3914,0
3915,1
3916,1
3917,0
3918,1
3919,0
3920,1
3921,1
3922,0
3923,0
3924,1
3925,0
3926,0
3927,1
3928,1
3929,0
3930,1
3931,0
3932,1
3933,1
3934,1
3935,1
3936,1
3937,1
3938,0
3939,0
3940,0
3941,1
3942,0
3943,1
3944,1
3945,1
3946,0
3947,1
3948,0
3949,1
3950,1
3951,1
3952,1
3953,0
3954,0
3955,1
3956,0
3957,1
3958,1
3959,0
3960,0
3961,0
3962,0
3963,1
3964,1
3966,0
3967,0
3968,0
3969,1
3970,1
3971,1
3972,1
3973,1
3974,1
3975,0
3976,0
3977,1
3979,1
3980,0
3981,0
3982,0
3983,1
3985,1
3986,0
3987,1
3988,1
3989,1
3990,0
3991,1
3992,0
3993,1
3994,0
3995,1
3996,1
3997,1
3998,1
3999,0
4000,1
4001,1
4002,0
4003,0
4004,0
4005,1
4006,0
4007,0
4008,1
4009,1
4010,1
4011,1
4012,1
4014,1
4015,0
4017,0
4018,0
4019,0
4020,0
4021,0
4022,0
4023,0
4025,0
4026,0
4027,0
4028,1
4030,1
4031,0
4032,1
4033,1
4034,0
4035,1
4036,0
4037,0
4038,1
4039,0
4040,1
4041,0
4042,1
4044,0
4045,1
4046,0
4047,1
4048,1
4049,0
4050,0
4051,0
4052,1
4053,0
4054,0
4055,0
4056,0
4057,1
4058,0
4059,0
4060,0
4061,1
4062,0
4063,0
4064,1
4065,1
4066,1
4067,1
4068,1
4069,1
4070,1
4071,0
4072,0
4073,0
4074,1
4076,1
4077,0
4078,0
4079,1
4080,0
4081,1
4082,0
4083,1
4084,0
4085,0
4086,0
4087,0
4088,1
4089,1
4090,0
4091,1
4092,0
4093,0
4094,0
4095,1
4096,1
4098,0
4099,0
4100,1
4102,1
4103,0
4104,1
4105,1
4106,1
4107,0
4109,1
4111,1
4113,0
4114,0
4115,0
4116,1
4117,1
4118,0
4119,1
4120,1
4121,0
4122,0
4123,0
4125,1
4126,0
4127,0
4128,0
4129,1
4131,1
4132,0
4133,0
4134,1
4135,1
4136,1
4137,1
4138,1
4139,1
4140,0
4141,1
4142,0
4143,1
4144,0
4145,1
4146,1
4147,0
4148,0
4149,0
4150,0
4151,1
4152,0
4153,0
4154,1
4155,1
4156,1
4157,1
4158,1
4159,0
4160,1
4161,0
4162,0
4163,0
4164,1
4165,0
4166,1
4168,1
4169,1
4170,0
4171,1
4172,0
4173,1
4174,1
4175,0
4176,0
4177,1
4178,0
4179,0
4180,0
4181,1
4182,1
4183,1
4184,0
4185,1
4186,1
4187,0
4188,1
4189,1
4190,0
4191,0
4192,0
4193,1
4194,1
4195,0
4196,1
4197,0
4198,0
4199,1
4201,0
4202,0
4203,1
4204,1
4205,1
4206,0
4207,0
4208,0
4209,0
4210,0
4211,0
4212,1
4213,1
4214,0
4215,0
4216,1
4217,0
4218,0
4219,0
4220,1
4221,1
4222,0
4223,0
4224,0
4225,0
4226,0
4227,0
4228,1
4229,1
4230,1
4231,1
4232,1
4233,1
4234,0
4235,0
4236,1
4237,1
4238,0
4239,1
4240,0
4241,1
4242,0
4243,0
4244,0
4245,0
4246,0
4247,0
4248,0
4249,1
4250,1
4251,0
4252,1
4253,0
4255,0
4256,1
4257,1
4258,1
4259,0
4260,1
4261,1
4262,0
4264,1
4265,0
4266,0
4267,1
4268,0
4269,0
4270,1
4271,1
4272,1
4273,1
4274,1
4275,0
4276,1
4277,0
4278,0
4279,1
4280,1
4281,0
4283,1
4284,1
4285,1
4286,0
4287,1
4288,1
4289,1
4290,1
4291,1
4293,0
4294,1
4296,0
4297,0
4298,1
4299,1
4300,0
4301,1
4302,1
4303,1
4304,0
4305,0
4307,1
4308,0
4309,0
4310,0
4311,0
4312,0
4313,1
4314,0
4315,0
4316,0
4317,1
4318,0
4319,1
4320,0
4321,0
4322,1
4323,1
4324,0
4325,0
4326,1
4327,1
4328,1
4329,0
4330,0
4331,1
4332,1
4333,1
4334,1
4335,0
4336,0
4337,1
4338,1
4339,1
4340,1
4342,1
4343,0
4344,1
4345,0
4346,0
4347,0
4348,0
4349,1
4350,1
4351,1
4352,1
4353,0
4354,0
4355,1
4356,1
4358,1
4359,1
4360,0
4361,0
4362,1
4363,1
4364,0
4365,1
4366,1
4367,1
4368,0
4369,1
4370,1
4371,1
4372,1
4373,0
4374,1
4376,0
4377,0
4378,0
4379,0
4380,1
4381,1
4382,1
4383,0
4384,0
4385,0
4386,0
4387,0
4388,1
4389,1
4390,0
4392,1
4393,1
4394,1
4395,0
4396,0
4397,0
4398,0
4399,0
4400,0
4401,0
4402,1
4403,1
4404,0
4405,1
4406,1
4407,1
4408,0
4409,1
4410,0
4411,0
4413,0
4414,1
4415,0
4416,1
4417,0
4418,1
4419,1
4420,1
4421,0
4422,0
4423,1
4424,0
4425,0
4426,1
4427,1
4428,0
4429,1
4430,1
4431,1
4432,0
4433,0
4434,1
4435,1
4436,0
4437,0
4438,0
4439,1
4440,0
4441,0
4442,0
4443,0
4444,0
4445,1
4446,0
4447,0
4448,0
4449,1
4450,1
4451,0
4452,1
4453,0
4454,1
4455,0
4456,0
4457,0
4458,0
4459,1
4460,1
4461,0
4462,0
4463,1
4464,0
4465,0
4466,1
4468,0
4469,0
4470,1
4471,0
4472,0
4473,1
4474,1
4476,1
4477,0
4478,1
4479,0
4481,1
4482,1
4483,0
4484,1
4485,1
4486,0
4487,0
4488,0
4489,0
4490,1
4491,0
4493,1
4494,1
4495,1
4496,1
4497,0
4498,0
4499,0
4500,1
4501,1
4502,1
4503,0
4504,0
4505,1
4506,1
4507,1
4508,1
4509,0
4510,0
4511,1
4512,0
4513,0
4514,1
4515,0
4516,1
4517,0
4518,1
4519,1
4520,1
4521,1
4522,0
4524,0
4525,1
4526,0
4527,1
4528,1
4530,1
4531,0
4532,0
4533,1
4534,0
4536,0
4537,1
4538,1
4540,1
4541,1
4542,0
4543,0
4544,0
4545,0
4546,1
4548,0
4549,0
4550,1
4551,1
4553,0
4554,0
4555,0
4556,1
4557,0
4558,0
4561,1
4562,0
4563,1
4564,1
4565,0
4566,1
4567,0
4568,0
4569,0
4570,1
4571,1
4572,1
4573,0
4574,0
4575,1
4576,0
4577,0
4578,1
4580,1
4581,1
4582,1
4583,0
4584,1
4585,0
4587,0
4588,1
4589,1
4590,0
4591,1
4592,1
4593,0
4594,0
4595,1
4596,1
4597,1
4598,0
4599,1
4601,0
4602,0
4603,1
4604,1
4605,1
4606,0
4607,0
4608,0
4610,0
4611,1
4612,1
4613,0
4614,1
4615,0
4616,0
4617,0
4618,0
4619,1
4620,1
4621,0
4622,0
4623,0
4625,1
4626,0
4627,1
4628,0
4629,1
4630,1
4631,1
4632,0
4633,1
4634,1
4635,0
4636,1
4637,1
4638,0
4639,1
4640,0
4641,0
4642,0
4643,1
4644,0
4645,1
4647,1
4648,0
4649,1
4650,1
4651,0
4652,0
4653,1
4654,0
4655,0
4657,1
4658,1
4659,1
4660,1
4661,0
4662,1
4663,1
4664,0
4665,1
4666,1
4667,0
4668,0
4669,1
4670,0
4671,0
4672,0
4673,0
4674,1
4675,0
4677,0
4678,0
4679,1
4680,1
4681,1
4682,0
4683,1
4684,0
4686,1
4687,1
4688,0
4689,0
4690,1
4691,0
4692,1
4693,0
4694,1
4695,0
4696,1
4697,1
4698,1
4699,0
4701,0
4703,1
4704,0
4705,1
4706,0
4707,1
4708,1
4709,0
4711,1
4712,1
4713,0
4714,0
4715,1
4716,1
4717,0
4718,0
4719,0
4720,1
4721,0
4722,0
4723,0
4724,1
4725,0
4726,0
4727,1
4728,1
4729,1
4730,0
4731,1
4733,1
4734,1
4735,0
4736,1
4737,1
4738,1
4739,1
4740,0
4741,0
4742,1
4743,1
4744,0
4745,0
4746,1
4747,0
4748,1
4749,1
4750,1
4751,0
4752,1
4753,0
4755,1
4756,0
4757,1
4758,1
4759,1
4760,1
4761,0
4762,0
4763,0
4764,1
4765,1
4766,1
4767,1
4768,1
4769,0
4770,0
4771,0
4772,0
4773,1
4774,1
4775,0
4776,0
4777,0
4778,0
4779,0
4780,1
4781,1
4782,0
4783,1
4784,1
4786,0
4787,0
4788,1
4789,0
4790,0
4791,1
4792,0
4793,1
4794,0
4795,1
4796,1
4797,1
4798,0
4799,0
4800,0
4801,1
4802,1
4803,1
4804,0
4805,1
4806,1
4807,1
4808,0
4809,0
4810,1
4811,0
4812,1
4813,1
4814,1
4815,0
4816,0
4817,0
4819,0
4820,1
4821,1
4822,0
4824,1
4825,0
4826,0
4827,1
4828,0
4829,0
4830,1
4831,0
4832,0
4833,0
4834,1
4835,0
4836,0
4837,0
4838,0
4839,1
4840,1
4841,1
4842,1
4843,1
4844,1
4845,1
4846,0
4847,0
4848,1
4849,0
4850,0
4851,1
4852,0
4853,0
4854,0
4855,1
4856,1
4857,0
4858,0
4859,1
4860,1
4861,0
4862,0
4863,1
4864,0
4865,1
4866,1
4867,0
4868,0
4869,0
4870,0
4871,1
4872,1
4873,1
4874,1
4875,0
4876,0
4877,1
4878,1
4879,0
4880,0
4881,1
4882,0
4883,1
4884,0
4885,0
4886,1
4887,1
4888,1
4889,1
4890,1
4891,1
4892,0
4893,1
4894,0
4895,1
4896,0
4897,1
4898,1
4899,0
4900,0
4901,1
4902,1
4903,1
4904,1
4905,0
4906,0
4907,1
4908,1
4909,1
4910,1
4911,1
4912,0
4913,1
4914,0
4915,1
4916,0
4917,0
4918,0
4920,0
4921,1
4922,0
4923,0
4924,1
4925,1
4927,1
4928,1
4929,0
4930,0
4931,1
4932,0
4933,0
4934,1
4935,1
4936,0
4937,1
4938,0
4939,1
4940,1
4941,1
4942,1
4944,1
4945,0
4946,0
4947,0
4948,1
4949,0
4950,1
4951,0
4952,0
4953,0
4954,1
4955,0
4956,0
4957,1
4958,0
4959,0
4960,0
4961,0
4962,0
4963,1
4964,0
4965,0
4966,0
4967,0
4968,0
4969,0
4970,0
4972,0
4973,1
4974,1
4975,0
4976,0
4977,1
4978,0
4979,0
4980,1
4981,0
4982,1
4983,1
4984,1
4985,1
4986,1
4987,1
4988,0
4989,1
4990,0
4991,0
4992,0
4993,1
4994,1
4995,0
4996,0
4997,0
4998,1
4999,0
5000,0
5002,1
5003,1
5004,0
5005,1
5006,1
5007,0
5008,1
5009,1
5010,0
5011,0
5012,0
5013,0
5014,1
5015,1
5016,0
5017,1
5018,1
5019,0
5020,0
5021,0
5022,0
5023,0
5025,0
5026,0
5027,1
5028,1
5029,0
5030,1
5031,0
5032,0
5033,1
5034,0
5035,0
5036,1
5037,0
5038,0
5039,1
5040,0
5041,0
5042,1
5043,1
5044,0
5045,1
5046,1
5047,1
5048,0
5049,1
5050,0
5051,0
5052,1
5053,1
5054,0
5055,1
5056,1
5057,1
5058,1
5059,1
5060,1
5061,0
5062,1
5063,0
5064,1
5065,1
5066,0
5067,1
5068,0
5069,0
5070,1
5071,1
5072,1
5073,0
5074,0
5075,1
5076,0
5077,1
5078,0
5079,0
5080,0
5081,1
5082,0
5083,1
5084,0
5085,0
5086,0
5087,0
5088,1
5089,1
5090,1
5091,1
5092,0
5093,0
5094,1
5095,1
5096,0
5097,1
5098,1
5099,0
5100,0
5101,0
5102,0
5103,1
5104,0
5105,1
5106,0
5107,0
5109,0
5110,1
5111,0
5112,0
5113,1
5114,1
5115,0
5116,1
5117,0
5118,1
5119,0
5120,0
5122,0
5123,0
5124,0
5125,0
5126,1
5127,1
5128,0
5129,1
5131,1
5132,0
5134,0
5135,0
5136,0
5137,1
5138,0
5139,0
5140,0
5141,0
5142,1
5143,1
5144,1
5146,1
5147,1
5148,1
5149,0
5150,1
5151,0
5152,1
5153,1
5154,1
5155,1
5156,1
5157,1
5158,1
5159,1
5160,0
5161,1
5162,1
5163,1
5164,1
5165,0
5166,1
5167,1
5168,1
5169,0
5170,1
5171,1
5172,0
5173,1
5174,0
5175,1
5176,0
5177,1
5178,0
5179,1
5180,1
5181,0
5182,1
5183,0
5184,0
5185,1
5186,1
5187,1
5188,1
5189,1
5191,0
5192,1
5193,0
5194,0
5195,1
5196,1
5198,0
5199,0
5200,0
5201,1
5202,0
5203,0
5204,1
5205,0
5206,1
5207,1
5208,1
5209,1
5210,0
5211,0
5214,1
5215,1
5216,1
5217,1
5218,1
5219,0
5220,1
5221,0
5222,0
5223,0
5225,0
5226,1
5227,0
5228,0
5229,0
5230,1
5231,0
5232,0
5233,1
5234,1
5235,1
5236,1
5237,1
5238,0
5239,0
5240,0
5241,0
5242,0
5243,0
5244,1
5245,0
5246,0
5247,0
5249,0
5250,1
5251,1
5252,0
5253,0
5254,0
5255,0
5257,1
5258,1
5259,0
5260,0
5261,1
5262,1
5263,1
5264,0
5265,0
5266,1
5267,0
5268,1
5269,1
5270,0
5271,0
5272,0
5273,1
5274,0
5275,0
5276,1
5277,0
5278,1
5279,0
5280,0
5281,1
5282,1
5283,1
5284,1
5285,1
5286,1
5287,1
5288,1
5289,0
5290,1
5291,1
5292,0
5293,1
5294,1
5295,1
5297,0
5298,1
5299,1
5300,0
5301,0
5302,0
5303,0
5304,0
5305,0
5306,0
5307,1
5308,0
5309,0
5310,0
5311,1
5312,0
5313,0
5314,0
5315,0
5316,0
5317,1
5318,0
5319,1
5320,0
5321,0
5322,0
5323,0
5324,0
5325,1
5326,1
5327,0
5328,0
5329,1
5331,0
5332,1
5333,0
5334,1
5335,1
5336,0
5337,1
5338,1
5339,1
5340,0
5341,0
5342,0
5343,0
5344,0
5345,1
5346,0
5347,1
5348,0
5349,1
5350,0
5351,1
5352,1
5353,0
5354,0
5355,1
5356,1
5357,0
5358,1
5359,1
5360,0
5361,0
5362,1
5363,0
5364,1
5366,1
5367,0
5368,1
5369,0
5370,0
5371,1
5372,0
5373,0
5374,0
5375,1
5376,1
5377,1
5378,1
5379,0
5380,0
5381,1
5382,1
5383,1
5384,0
5385,0
5386,0
5387,1
5388,0
5389,0
5390,0
5391,1
5392,1
5393,1
5394,0
5395,0
5396,1
5398,1
5399,0
5401,1
5402,0
5403,0
5404,0
5405,0
5407,1
5408,0
5409,0
5410,1
5411,1
5412,0
5414,1
5415,1
5416,0
5417,0
5418,0
5419,1
5420,1
5421,0
5422,0
5423,1
5424,0
5425,0
5426,1
5427,1
5428,0
5429,1
5431,0
5432,1
5433,1
5434,0
5435,0
5436,1
5437,1
5438,0
5439,1
5440,0
5441,1
5442,1
5443,1
5444,1
5445,0
5446,0
5447,1
5448,1
5450,0
5451,1
5452,1
5453,0
5454,0
5455,0
5456,1
5457,0
5458,0
5459,0
5460,0
5461,1
5462,0
5463,0
5464,0
5465,1
5466,0
5467,1
5468,1
5469,1
5470,1
5471,1
5472,1
5473,0
5474,0
5475,0
5476,0
5477,1
5478,1
5480,1
5481,1
5482,1
5483,0
5484,0
5486,0
5487,1
5488,1
5489,0
5490,1
5491,1
5492,1
5493,0
5494,0
5495,1
5496,1
5497,1
5498,0
5499,1
5500,1
5501,0
5502,0
5503,0
5504,1
5505,1
5506,1
5507,1
5508,1
5509,1
5511,1
5512,1
5514,1
5515,1
5516,1
5517,1
5518,0
5519,0
5520,1
5521,1
5522,0
5523,0
5524,0
5525,0
5526,0
5527,1
5528,0
5529,0
5530,1
5531,1
5532,0
5533,1
5534,0
5535,1
5536,1
5537,0
5538,1
5540,0
5541,1
5542,1
5543,1
5544,1
5547,0
5548,0
5549,1
5550,1
5551,1
5552,1
5553,0
5554,0
5555,1
5556,0
5557,0
5558,0
5559,1
5560,1
5561,0
5562,0
5563,0
5564,0
5565,0
5566,0
5567,0
5568,1
5569,1
5570,1
5571,0
5572,0
5573,1
5574,0
5575,1
5576,0
5577,1
5578,0
5579,0
5580,1
5581,1
5582,1
5583,1
5584,1
5585,1
5586,0
5587,1
5588,1
5589,1
5590,0
5592,1
5594,0
5595,1
5596,1
5597,1
5598,1
5599,0
5600,1
5601,0
5602,0
5603,0
5604,1
5605,1
5606,0
5607,1
5608,0
5610,0
5611,0
5612,0
5613,0
5614,1
5615,1
5616,0
5617,0
5618,1
5619,1
5620,1
5621,1
5622,1
5623,0
5624,0
5625,0
5626,0
5627,1
5628,0
5629,1
5630,1
5631,0
5632,1
5633,0
5634,0
5635,0
5636,0
5637,1
5638,1
5639,1
5640,1
5641,0
5642,1
5643,0
5644,1
5645,0
5646,1
5647,0
5648,1
5649,1
5650,1
5651,0
5652,0
5653,1
5654,0
5655,1
5656,0
5657,0
5658,0
5659,1
5660,1
5661,0
5662,0
5663,1
5664,1
5665,0
5666,0
5667,0
5668,1
5669,0
5670,0
5671,1
5672,0
5673,1
5674,1
5676,1
5677,1
5679,1
5681,0
5682,1
5683,0
5684,1
5685,1
5686,1
5687,1
5688,1
5689,1
5690,1
5691,1
5692,1
5693,1
5694,0
5695,0
5696,1
5697,1
5698,0
5699,1
5700,0
5703,1
5704,1
5705,1
5706,1
5707,1
5708,0
5709,1
5710,1
5711,0
5712,1
5713,1
5714,1
5715,1
5717,1
5718,0
5719,1
5720,0
5721,0
5722,0
5723,1
5724,0
5725,1
5726,1
5727,0
5728,0
5729,0
5730,1
5731,1
5732,1
5733,0
5734,1
5737,0
5738,1
5740,1
5741,0
5742,1
5743,1
5745,1
5746,1
5747,1
5748,1
5749,0
5750,0
5751,1
5752,1
5753,1
5754,0
5755,1
5756,0
5757,1
5759,1
5760,0
5761,1
5762,1
5764,0
5765,1
5766,0
5767,1
5769,0
5770,0
5771,1
5772,0
5773,1
5774,0
5775,1
5776,0
5777,0
5778,1
5779,1
5780,1
5781,0
5782,0
5783,1
5785,0
5786,1
5787,1
5788,1
5789,1
5791,0
5792,1
5793,1
5794,0
5795,1
5796,1
5797,1
5798,1
5799,0
5800,0
5801,1
5802,1
5803,1
5804,0
5805,0
5806,0
5807,1
5808,1
5809,0
5810,0
5811,1
5813,0
5814,0
5815,1
5816,0
5817,0
5818,0
5819,0
5820,1
5821,0
5822,0
5823,0
5824,0
5825,0
5827,1
5828,1
5829,0
5830,1
5831,1
5832,0
5833,1
5834,0
5835,0
5836,0
5837,0
5838,0
5839,0
5840,0
5841,0
5842,0
5843,0
5844,0
5845,1
5846,1
5847,1
5848,1
5849,0
5850,0
5851,0
5852,0
5853,1
5854,1
5855,1
5856,1
5857,0
5859,1
5860,1
5861,1
5862,1
5863,1
5864,0
5865,0
5866,0
5867,0
5868,1
5869,0
5870,1
5873,1
5874,0
5875,0
5876,1
5877,0
5878,1
5879,1
5880,0
5882,1
5883,1
5884,1
5885,0
5887,0
5888,1
5889,0
5890,0
5891,0
5892,0
5893,1
5894,1
5895,1
5896,1
5898,0
5899,1
5900,0
5901,1
5902,0
5903,1
5904,0
5905,0
5906,1
5907,1
5908,0
5909,0
5910,0
5911,0
5912,0
5913,1
5914,0
5915,1
5916,1
5917,1
5918,1
5919,0
5920,0
5921,1
5922,0
5923,1
5924,1
5925,0
5926,1
5927,0
5928,1
5929,1
5931,0
5932,0
5933,0
5934,1
5935,0
5936,0
5937,1
5938,1
5939,1
5940,1
5941,1
5942,0
5943,1
5944,1
5945,1
5946,0
5947,1
5948,0
5949,1
5950,0
5951,1
5952,1
5953,0
5954,0
5955,0
5956,1
5957,0
5958,1
5959,1
5962,0
5963,0
5964,0
5965,0
5967,1
5968,1
5969,0
5970,0
5971,0
5972,0
5973,0
5974,1
5975,0
5976,1
5977,0
5978,1
5979,0
5980,1
5981,0
5982,0
5983,1
5984,1
5985,0
5986,0
5987,1
5988,0
5989,0
5990,1
5991,1
5992,1
5994,1
5995,1
5996,1
5997,0
5998,0
5999,0
6000,0
6001,0
6002,1
6003,1
6004,1
6005,0
6006,1
6007,0
6008,1
6009,1
6010,1
6011,0
6012,1
6013,0
6014,0
6015,1
6016,0
6017,1
6018,0
6019,0
6020,0
6021,1
6022,0
6023,1
6024,0
6025,1
6026,1
6027,0
6028,1
6029,1
6031,1
6032,0
6033,1
6035,0
6036,0
6037,0
6038,1
6039,0
6040,1
6041,0
6042,1
6043,0
6044,0
6045,0
6046,1
6047,0
6048,0
6049,1
6050,1
6051,1
6052,1
6053,0
6054,0
6055,1
6056,0
6057,0
6058,1
6059,1
6060,1
6061,0
6062,0
6063,1
6064,1
6065,0
6066,0
6067,1
6068,0
6069,0
6070,0
6071,1
6072,1
6073,0
6074,0
6075,1
6076,1
6077,1
6078,0
6079,1
6080,1
6081,0
6082,1
6083,1
6084,1
6085,0
6086,1
6087,1
6088,0
6089,0
6090,1
6091,0
6092,1
6093,0
6094,1
6095,1
6096,0
6097,0
6098,1
6099,0
6100,0
6101,0
6102,0
6103,0
6104,0
6105,1
6106,1
6107,0
6108,1
6109,0
6110,1
6111,0
6112,0
6113,1
6114,0
6115,0
6117,1
6119,1
6120,1
6121,1
6122,1
6123,1
6124,1
6125,0
6126,1
6127,0
6128,0
6129,0
6130,0
6131,0
6132,1
6133,0
6134,1
6135,0
6136,1
6137,1
6138,0
6139,0
6140,0
6141,0
6142,1
6143,0
6144,1
6145,0
6146,0
6147,1
6148,0
6150,0
6151,1
6152,0
6153,0
6154,0
6155,1
6156,1
6157,1
6158,1
6159,0
6160,0
6161,0
6162,0
6163,0
6164,1
6165,0
6166,1
6167,1
6168,0
6170,1
6171,1
6172,0
6173,1
6174,1
6175,0
6176,1
6177,1
6178,1
6179,1
6180,0
6181,1
6182,1
6183,1
6184,1
6185,1
6186,0
6187,0
6188,1
6189,1
6190,0
6191,1
6192,0
6193,1
6194,1
6195,1
6196,0
6197,1
6198,1
6199,0
6200,0
6201,1
6202,1
6203,0
6204,0
6205,1
6206,0
6207,0
6208,1
6209,1
6211,0
6212,1
6213,1
6214,0
6215,0
6216,0
6217,0
6218,1
6219,1
6220,0
6221,0
6222,1
6223,0
6224,0
6225,0
6226,0
6227,0
6228,0
6229,0
6230,1
6231,1
6232,1
6233,0
6234,0
6235,0
6236,0
6237,1
6238,1
6239,1
6240,1
6241,1
6242,1
6243,1
6244,0
6245,1
6246,1
6247,1
6248,0
6249,1
6250,1
6251,0
6252,1
6253,1
6254,0
6255,1
6256,1
6257,0
6258,1
6259,1
6260,1
6262,0
6263,0
6264,1
6265,1
6266,1
6267,1
6268,0
6269,0
6270,0
6271,0
6272,0
6273,1
6274,0
6275,1
6276,0
6277,0
6278,0
6279,0
6280,1
6281,0
6282,1
6283,1
6284,1
6285,0
6286,1
6287,0
6288,1
6289,0
6290,0
6291,1
6292,0
6293,1
6294,0
6295,0
6296,1
6297,0
6298,0
6299,1
6300,1
6301,1
6302,1
6303,1
6304,0
6306,0
6307,1
6308,1
6309,1
6310,0
6311,0
6313,0
6314,0
6315,0
6317,1
6318,1
6319,1
6320,1
6321,0
6322,0
6323,0
6324,0
6325,0
6326,0
6327,1
6328,1
6329,1
6330,0
6331,1
6332,1
6333,1
6334,0
6335,1
6336,0
6337,0
6338,1
6339,0
6340,1
6341,1
6342,1
6343,1
6344,1
6345,0
6346,1
6348,1
6350,1
6351,0
6352,1
6353,1
6354,1
6355,0
6356,0
6357,0
6358,1
6359,1
6360,1
6361,1
6363,1
6364,1
6365,0
6366,0
6367,1
6368,0
6369,1
6371,0
6372,0
6373,1
6374,1
6375,1
6376,0
6377,0
6378,1
6379,0
6380,1
6382,1
6383,0
6384,0
6385,1
6386,0
6387,1
6388,1
6389,0
6390,0
6391,0
6392,1
6393,0
6394,0
6395,0
6396,0
6397,1
6398,0
6399,1
6401,0
6402,0
6403,0
6404,0
6405,0
6406,1
6407,0
6408,0
6410,0
6411,0
6412,0
6413,1
6414,1
6415,0
6416,0
6417,1
6418,0
6419,0
6420,1
6421,0
6422,0
6423,0
6424,1
6425,0
6426,0
6429,1
6430,1
6431,0
6432,1
6433,0
6434,0
6435,1
6436,1
6437,1
6438,1
6439,1
6440,1
6441,0
6443,1
6444,0
6445,0
6446,1
6447,1
6448,1
6449,1
6450,0
6451,0
6452,1
6453,1
6454,1
6455,0
6456,0
6457,1
6458,0
6459,0
6460,0
6461,1
6462,0
6463,1
6464,1
6465,0
6466,1
6468,0
6469,1
6470,0
6472,0
6473,0
6474,0
6475,0
6476,1
6477,0
6478,0
6479,0
6480,1
6482,1
6483,0
6484,1
6485,0
6486,1
6488,1
6489,1
6490,1
6491,1
6492,0
6493,1
6494,1
6495,0
6496,1
6497,0
6498,1
6499,0
6500,1
6501,1
6502,1
6503,1
6504,1
6505,1
6507,1
6508,1
6509,1
6510,0
6511,0
6512,1
6513,1
6514,0
6515,0
6516,0
6517,0
6518,0
6520,0
6521,1
6522,0
6523,1
6524,1
6525,0
6526,1
6527,1
6528,0
6529,0
6530,1
6531,0
6532,0
6533,1
6534,1
6535,1
6536,1
6537,0
6538,0
6539,0
6540,1
6541,1
6542,0
6543,0
6544,0
6546,0
6547,1
6548,1
6549,1
6550,1
6551,1
6552,0
6553,0
6554,0
6555,1
6556,1
6557,0
6558,1
6559,0
6561,0
6562,1
6563,0
6564,1
6565,0
6567,0
6568,0
6569,0
6570,0
6571,0
6572,0
6574,0
6575,1
6576,1
6577,1
6578,1
6579,0
6580,0
6581,0
6582,0
6583,1
6584,0
6585,0
6586,0
6587,1
6588,1
6589,1
6590,1
6591,0
6592,0
6593,0
6595,1
6596,1
6597,0
6598,0
6599,1
6601,0
6602,0
6603,0
6605,1
6606,1
6607,1
6608,1
6609,0
6610,1
6611,0
6612,0
6613,0
6614,1
6615,0
6616,0
6617,1
6618,0
6619,0
6620,0
6621,0
6622,1
6623,1
6624,0
6625,0
6626,0
6627,0
6628,0
6629,0
6630,0
6631,0
6632,0
6633,0
6634,1
6635,1
6636,1
6637,0
6638,1
6640,0
6641,1
6642,1
6643,0
6644,0
6645,1
6646,0
6647,1
6649,0
6650,0
6651,0
6652,0
6653,0
6654,1
6655,1
6656,0
6657,1
6658,1
6659,1
6661,0
6662,1
6663,1
6664,0
6665,1
6666,1
6667,0
6668,1
6669,0
6670,0
6671,1
6672,0
6673,1
6674,0
6675,1
6676,1
6677,0
6678,1
6679,1
6680,0
6681,1
6682,0
6683,1
6684,1
6685,1
6686,1
6687,0
6688,1
6689,1
6690,1
6691,0
6692,0
6693,0
6694,1
6695,1
6696,0
6697,1
6698,1
6699,0
6700,0
6701,0
6702,1
6703,0
6704,0
6705,0
6706,1
6707,0
6708,0
6709,0
6710,1
6711,1
6712,0
6713,0
6714,1
6715,0
6716,0
6717,1
6718,0
6719,1
6720,0
6721,0
6722,1
6723,0
6724,0
6725,0
6726,0
6727,1
6728,1
6729,0
6730,0
6731,1
6732,1
6733,0
6734,0
6735,0
6737,0
6738,0
6739,0
6740,0
6741,1
6742,1
6743,0
6745,1
6746,1
6747,0
6748,1
6749,1
6750,1
6751,0
6752,0
6753,1
6754,1
6755,0
6756,1
6757,1
6758,0
6759,0
6760,1
6761,0
6762,0
6763,1
6764,0
6766,0
6767,0
6768,1
6769,1
6770,1
6771,0
6772,0
6773,0
6774,0
6775,0
6776,0
6777,0
6778,0
6779,1
6780,0
6782,0
6783,0
6784,0
6785,1
6786,1
6787,1
6788,1
6789,1
6790,0
6791,0
6792,0
6793,0
6794,1
6795,1
6796,0
6798,0
6799,1
6800,1
6801,0
6802,1
6803,0
6804,0
6805,0
6806,0
6807,1
6808,0
6809,0
6810,0
6811,1
6812,1
6813,0
6814,1
6815,0
6816,0
6817,1
6818,1
6820,0
6821,1
6822,1
6823,1
6824,0
6825,0
6826,1
6827,0
6828,1
6829,0
6830,0
6831,1
6832,1
6833,0
6834,1
6835,0
6836,0
6838,0
6839,0
6840,1
6841,1
6842,0
6843,0
6844,0
6845,1
6846,1
6847,1
6848,0
6849,1
6850,1
6851,0
6852,1
6853,1
6854,0
6855,1
6856,0
6857,1
6858,1
6859,0
6860,1
6861,0
6862,1
6863,1
6864,1
6865,0
6866,0
6867,0
6868,0
6869,1
6870,0
6871,0
6872,0
6873,0
6874,0
6875,0
6876,1
6878,1
6879,0
6880,1
6881,0
6882,0
6883,0
6884,0
6885,1
6886,1
6887,0
6888,0
6889,0
6890,0
6891,0
6892,0
6893,0
6894,0
6895,0
6896,1
6898,1
6899,0
6900,1
6901,0
6902,0
6903,1
6904,1
6905,0
6906,0
6907,0
6908,1
6909,0
6910,0
6911,1
6913,0
6914,1
6915,0
6916,0
6917,1
6918,0
6919,0
6920,1
6921,0
6922,1
6923,1
6924,1
6925,1
6926,1
6927,1
6928,0
6929,1
6930,1
6931,0
6932,1
6933,1
6934,1
6935,0
6936,0
6937,1
6938,1
6939,0
6940,0
6941,1
6942,0
6943,1
6944,1
6945,1
6946,1
6947,0
6948,1
6949,1
6950,0
6951,1
6952,1
6953,0
6954,1
6955,1
6956,1
6957,0
6958,1
6959,0
6960,0
6961,0
6962,0
6963,0
6964,0
6966,1
6967,1
6968,1
6969,0
6970,0
6971,1
6972,0
6973,0
6975,0
6976,1
6977,0
6978,1
6979,0
6980,1
6981,1
6982,0
6983,1
6985,0
6986,0
6987,1
6988,1
6989,1
6990,1
6991,1
6992,0
6993,0
6994,1
6995,0
6996,1
6997,1
6998,1
6999,0
7000,1
7002,0
7003,1
7004,1
7005,0
7006,0
7007,0
7008,1
7009,1
7010,0
7011,0
7012,0
7013,1
7014,0
7015,1
7016,0
7017,0
7018,1
7019,0
7020,1
7021,1
7022,0
7023,0
7024,1
7025,1
7026,0
7027,1
7029,0
7030,1
7031,1
7032,0
7033,0
7034,0
7035,1
7036,0
7037,1
7038,0
7039,1
7040,1
7041,1
7042,0
7043,1
7044,1
7045,0
7046,1
7048,1
7049,0
7050,0
7051,1
7052,1
7053,0
7054,1
7055,0
7057,0
7058,0
7059,1
7060,0
7061,1
7062,1
7063,1
7064,1
7065,1
7066,0
7067,0
7068,0
7069,1
7070,1
7071,0
7072,0
7074,0
7076,1
7077,0
7078,0
7079,1
7080,0
7081,1
7082,0
7083,0
7084,0
7085,0
7086,0
7087,1
7089,0
7090,1
7092,0
7093,0
7094,1
7095,1
7096,1
7097,1
7098,1
7099,1
7101,1
7102,0
7103,0
7104,0
7105,0
7106,1
7107,0
7108,1
7109,0
7110,0
7111,0
7112,1
7113,0
7114,0
7115,0
7117,1
7118,1
7119,0
7120,1
7121,1
7122,1
7123,0
7124,1
7125,0
7126,0
7127,1
7128,0
7129,1
7130,1
7131,1
7132,1
7133,1
7134,1
7135,0
7136,1
7138,0
7139,0
7140,0
7141,0
7143,1
7144,1
7145,0
7146,0
7147,0
7149,0
7151,0
7152,1
7153,1
7154,0
7155,1
7156,0
7157,1
7158,0
7159,1
7160,0
7161,1
7163,1
7164,1
7165,0
7166,0
7168,1
7169,1
7170,0
7171,1
7172,1
7173,1
7174,0
7175,1
7176,1
7178,1
7179,0
7180,1
7181,1
7182,0
7183,1
7184,0
7186,0
7187,1
7188,1
7189,1
7190,0
7191,0
7192,0
7193,0
7194,0
7195,0
7196,0
7197,1
7198,0
7199,1
7201,0
7202,0
7203,1
7204,1
7205,1
7206,0
7207,0
7208,1
7209,1
7210,0
7211,1
7214,0
7215,0
7216,1
7217,1
7218,0
7219,1
7220,1
7221,1
7222,0
7223,0
7224,0
7225,0
7226,0
7227,0
7228,0
7229,0
7230,0
7231,0
7232,0
7233,0
7234,1
7235,0
7236,0
7237,1
7238,1
7240,0
7242,0
7243,1
7244,0
7245,1
7246,0
7247,1
7248,0
7250,0
7251,0
7252,1
7253,1
7254,1
7255,1
7257,1
7258,0
7259,0
7260,1
7261,0
7262,0
7263,1
7264,0
7265,1
7266,0
7267,0
7268,1
7269,1
7270,1
7271,1
7272,1
7273,1
7274,1
7275,0
7276,0
7277,1
7278,1
7279,1
7280,1
7281,0
7282,0
7283,1
7284,1
7285,0
7286,0
7287,1
7288,1
7290,0
7291,1
7292,1
7293,0
7294,1
7295,1
7296,0
7297,0
7300,0
7301,0
7302,1
7303,0
7304,1
7305,0
7306,1
7307,0
7308,1
7309,1
7311,0
7312,0
7313,0
7314,1
7315,1
7316,1
7317,1
7319,0
7320,1
7321,0
7322,1
7323,0
7324,1
7325,1
7326,0
7327,0
7328,0
7329,1
7330,1
7331,0
7333,0
7334,1
7335,0
7336,1
7337,0
7338,0
7339,0
7340,0
7341,1
7342,0
7343,0
7344,1
7345,1
7346,0
7347,1
7348,0
7349,1
7350,1
7351,0
7352,0
7353,0
7354,0
7355,1
7356,1
7357,1
7358,0
7359,1
7360,0
7361,0
7362,0
7363,0
7364,0
7365,1
7366,0
7367,0
7368,0
7369,1
7370,0
7371,0
7372,0
7373,0
7374,1
7375,0
7376,1
7377,1
7378,1
7379,0
7380,0
7381,1
7382,1
7383,1
7384,1
7385,1
7386,1
7387,0
7388,1
7389,1
7390,1
7391,0
7392,1
7393,1
7394,1
7395,1
7396,1
7397,1
7398,0
7399,0
7400,0
7401,1
7402,1
7403,1
7404,1
7405,0
7406,1
7407,1
7408,1
7409,0
7410,0
7411,1
7412,0
7413,0
7414,0
7416,1
7417,0
7418,0
7419,0
7420,0
7421,0
7422,0
7423,1
7424,1
7425,1
7426,0
7427,1
7428,0
7429,1
7431,0
7432,1
7433,1
7434,1
7435,0
7436,1
7437,1
7438,0
7439,1
7440,1
7441,1
7442,1
7443,1
7444,0
7445,0
7446,0
7447,0
7448,1
7449,0
7450,1
7451,1
7452,0
7453,0
7454,0
7455,1
7456,0
7457,0
7458,0
7459,0
7460,1
7461,0
7462,0
7463,0
7464,0
7465,0
7466,1
7467,0
7468,0
7469,0
7470,0
7471,0
7472,1
7473,0
7474,1
7475,0
7476,0
7478,0
7479,0
7480,0
7481,0
7483,0
7484,0
7485,0
7486,0
7487,1
7488,1
7489,1
7490,1
7491,1
7492,0
7493,1
7494,0
7495,0
7496,1
7497,0
7498,1
7499,0
7500,0
7501,0
7502,0
7503,1
7504,0
7505,0
7506,0
7507,0
7508,0
7509,0
7510,1
7511,1
7512,1
7513,1
7515,1
7517,1
7518,0
7519,0
7520,1
7522,0
7523,0
7524,1
7525,1
7526,1
7527,0
7528,1
7529,1
7530,0
7531,0
7532,0
7533,1
7534,1
7535,1
7536,0
7537,0
7538,0
7539,0
7540,0
7541,0
7542,1
7543,0
7544,0
7545,0
7546,0
7547,1
7548,0
7549,0
7550,0
7551,1
7552,0
7553,0
7554,1
7555,0
7556,1
7557,1
7558,0
7559,1
7561,1
7562,0
7563,1
7564,1
7565,0
7566,1
7567,0
7568,0
7569,0
7570,1
7571,0
7572,1
7573,0
7574,1
7575,0
7576,0
7578,0
7579,0
7580,0
7581,0
7582,1
7583,1
7584,1
7585,1
7586,0
7587,0
7588,0
7589,1
7590,0
7591,1
7592,0
7593,1
7594,1
7595,0
7596,1
7597,0
7598,0
7599,0
7600,0
7601,1
7602,0
7603,1
7604,0
7605,0
7606,0
7607,0
7608,1
7609,1
7610,0
7611,1
7613,0
7614,0
7615,0
7616,0
7617,0
7618,1
7619,0
7620,1
7621,0
7622,0
7623,1
7624,0
7625,0
7626,0
7627,0
7628,0
7629,0
7630,0
7631,0
7632,1
7633,1
7634,0
7635,1
7636,0
7637,0
7638,1
7639,0
7640,0
7641,1
7642,1
7643,1
7644,0
7645,0
7646,1
7647,0
7648,0
7649,1
7650,1
7651,1
7652,0
7653,1
7654,0
7655,1
7656,1
7657,1
7658,0
7659,0
7660,0
7661,1
7662,0
7663,0
7664,0
7665,0
7666,1
7667,1
7668,0
7669,1
7670,0
7673,1
7674,1
7675,1
7676,1
7677,1
7678,0
7679,0
7680,1
7681,0
7682,1
7683,0
7684,1
7685,0
7686,0
7687,1
7688,0
7689,1
7691,1
7692,1
7693,0
7694,0
7695,1
7696,0
7697,1
7698,1
7699,1
7700,1
7701,1
7702,1
7703,0
7704,1
7705,0
7706,0
7707,0
7708,1
7709,0
7710,1
7711,1
7712,0
7713,1
7714,1
7715,1
7716,1
7717,0
7718,0
7719,0
7720,0
7721,0
7723,0
7724,1
7725,0
7726,0
7727,0
7729,1
7730,1
7731,1
7732,0
7733,0
7734,0
7735,1
7736,1
7737,1
7738,0
7739,1
7740,1
7741,0
7742,0
7743,1
7745,0
7746,1
7747,0
7748,1
7749,0
7750,0
7751,0
7752,0
7753,1
7754,0
7755,1
7756,1
7757,1
7758,1
7760,1
7761,1
7762,1
7763,1
7764,1
7765,0
7766,1
7767,0
7768,1
7769,0
7770,1
7771,1
7773,0
7774,1
7775,1
7776,0
7777,0
7778,0
7779,1
7780,1
7782,1
7783,1
7784,1
7785,1
7786,0
7787,0
7788,0
7789,1
7790,1
7791,0
7792,1
7793,0
7794,1
7795,1
7796,0
7797,1
7798,0
7799,0
7800,0
7801,0
7802,0
7803,1
7804,1
7805,1
7806,1
7807,1
7808,0
7809,1
7810,0
7811,0
7812,1
7813,1
7814,0
7815,0
7816,0
7818,1
7819,1
7820,1
7821,0
7822,1
7823,0
7824,1
7825,1
7827,0
7828,0
7829,0
7830,0
7831,0
7832,1
7833,0
7836,1
7837,0
7839,1
7840,1
7841,0
7842,0
7843,0
7844,0
7845,1
7847,1
7848,0
7849,0
7850,0
7851,1
7852,1
7853,0
7855,1
7856,1
7857,1
7858,1
7859,0
7860,1
7861,0
7862,0
7863,1
7864,0
7865,0
7866,0
7867,1
7868,0
7869,0
7870,1
7871,1
7873,1
7874,0
7875,1
7876,1
7877,1
7878,1
7879,0
7880,1
7881,0
7883,1
7884,1
7885,1
7886,1
7887,1
7888,1
7889,1
7890,0
7891,1
7892,0
7893,0
7894,1
7896,1
7897,1
7898,1
7900,1
7901,0
7902,0
7903,0
7905,0
7906,0
7907,0
7908,0
7909,1
7910,1
7911,0
7912,1
7913,0
7914,0
7915,1
7916,0
7917,1
7918,0
7919,0
7920,0
7921,1
7922,1
7923,0
7924,0
7925,1
7926,0
7927,1
7928,1
7929,0
7930,1
7931,1
7932,1
7933,1
7934,0
7935,1
7936,0
7937,1
7938,1
7939,0
7940,1
7941,1
7942,0
7943,0
7944,0
7946,0
7947,0
7948,1
7949,0
7950,1
7951,0
7952,0
7953,1
7954,1
7955,0
7956,1
7957,0
7958,1
7959,1
7960,0
7961,1
7962,0
7963,0
7964,1
7965,0
7966,0
7967,1
7968,1
7969,1
7970,0
7971,0
7972,0
7973,1
7974,0
7975,1
7976,1
7977,1
7978,1
7979,0
7980,1
7981,0
7982,0
7983,1
7984,1
7986,1
7987,0
7988,1
7989,1
7991,0
7992,1
7993,1
7994,0
7995,0
7996,1
7997,1
7999,1
8000,1
8001,1
8002,0
8003,1
8004,0
8005,1
8007,0
8008,1
8009,1
8010,1
8012,1
8013,0
8014,1
8015,0
8016,1
8017,1
8018,1
8019,0
8020,0
8021,0
8023,1
8024,1
8025,1
8026,0
8027,1
8028,0
8029,0
8031,1
8032,0
8033,0
8034,1
8035,0
8037,1
8038,1
8039,1
8040,1
8041,0
8042,0
8043,1
8044,1
8045,1
8046,1
8047,1
8048,0
8049,0
8050,0
8051,1
8052,1
8053,0
8054,0
8055,0
8056,0
8057,1
8058,1
8060,0
8061,1
8062,1
8063,1
8064,1
8065,1
8066,1
8067,0
8068,0
8069,1
8070,0
8071,0
8072,1
8073,0
8074,1
8075,0
8076,0
8077,0
8078,1
8079,0
8080,1
8081,0
8082,0
8083,1
8084,0
8085,1
8086,1
8087,1
8089,1
8090,1
8091,1
8092,0
8093,0
8094,1
8095,1
8096,1
8097,0
8098,0
8099,0
8100,1
8101,1
8102,1
8103,1
8104,1
8105,1
8106,1
8107,0
8109,1
8110,0
8111,0
8112,0
8113,0
8114,0
8115,1
8116,0
8117,1
8118,0
8119,1
8120,0
8121,1
8122,0
8123,1
8124,1
8125,0
8126,0
8127,1
8128,0
8129,0
8130,1
8131,1
8132,0
8133,0
8134,0
8135,0
8136,1
8137,1
8138,0
8139,0
8140,0
8141,1
8143,0
8144,0
8145,1
8146,1
8147,1
8148,0
8149,1
8150,0
8151,1
8152,1
8153,0
8154,0
8155,0
8156,1
8157,1
8158,1
8160,1
8161,0
8162,0
8163,1
8164,0
8165,0
8166,0
8167,1
8168,1
8169,1
8170,0
8171,0
8172,0
8173,0
8174,1
8175,0
8176,1
8177,0
8178,0
8179,1
8180,1
8181,0
8182,1
8183,1
8184,1
8185,0
8186,0
8187,1
8188,1
8189,1
8190,1
8191,0
8192,1
8193,0
8194,1
8195,1
8196,1
8197,0
8198,0
8199,0
8200,0
8201,1
8202,1
8203,1
8204,0
8205,0
8206,0
8207,0
8208,1
8209,1
8210,0
8211,0
8212,0
8213,1
8214,0
8215,1
8216,0
8217,1
8218,1
8219,1
8220,1
8221,1
8222,1
8223,1
8224,0
8225,0
8226,1
8227,1
8228,1
8229,1
8230,0
8231,1
8232,0
8233,0
8235,1
8236,1
8237,1
8238,0
8239,1
8240,1
8242,0
8243,0
8244,0
8245,1
8246,0
8247,0
8248,0
8249,1
8250,0
8251,0
8252,0
8253,0
8254,1
8255,1
8256,1
8257,1
8259,0
8260,0
8261,1
8262,0
8263,0
8264,1
8265,0
8266,1
8267,0
8268,1
8269,0
8270,0
8271,1
8272,1
8273,1
8274,0
8275,1
8276,1
8277,1
8278,1
8280,1
8281,0
8282,1
8283,0
8284,1
8285,0
8286,1
8287,1
8288,1
8289,1
8290,0
8291,0
8292,0
8293,1
8294,0
8295,0
8296,0
8297,1
8298,1
8299,0
8300,0
8301,1
8302,1
8303,1
8304,1
8305,0
8306,0
8307,1
8308,1
8309,1
8310,0
8311,1
8312,0
8313,1
8315,1
8316,0
8317,0
8318,1
8319,1
8320,1
8321,1
8322,0
8323,0
8324,1
8325,0
8326,0
8328,0
8329,0
8330,1
8331,0
8332,0
8333,1
8334,1
8335,0
8336,0
8337,0
8338,0
8339,1
8340,0
8341,1
8342,1
8343,0
8345,0
8346,0
8347,0
8348,1
8349,1
8350,1
8351,1
8352,0
8353,1
8354,1
8355,0
8356,1
8357,0
8358,1
8359,1
8360,1
8361,1
8362,0
8363,0
8364,0
8365,0
8366,0
8368,1
8369,1
8370,0
8371,1
8372,1
8373,0
8374,0
8375,0
8376,0
8377,0
8378,0
8379,0
8380,0
8381,0
8382,1
8383,1
8384,1
8385,0
8386,0
8387,0
8388,0
8389,0
8390,0
8391,0
8392,0
8393,1
8394,0
8395,0
8396,0
8397,0
8398,1
8399,1
8400,0
8401,1
8402,0
8403,1
8404,0
8405,0
8406,1
8407,1
8408,0
8409,1
8410,1
8411,1
8412,1
8413,0
8414,1
8415,1
8416,0
8417,0
8418,0
8419,1
8420,0
8421,0
8422,1
8423,0
8424,1
8425,0
8426,1
8427,0
8428,0
8429,1
8430,1
8431,1
8432,0
8433,0
8434,0
8435,0
8436,1
8437,0
8438,1
8439,0
8441,0
8442,0
8443,0
8444,1
8445,1
8446,0
8447,1
8448,0
8449,0
8450,0
8451,1
8452,0
8453,1
8454,1
8455,0
8456,0
8457,1
8458,1
8459,0
8460,0
8461,1
8462,0
8463,1
8464,1
8465,0
8466,0
8467,1
8468,1
8469,0
8470,1
8471,0
8472,0
8473,0
8474,0
8476,1
8477,1
8478,0
8479,0
8480,1
8481,0
8482,1
8483,1
8484,0
8485,1
8486,0
8487,1
8488,0
8489,1
8490,0
8491,1
8492,0
8493,0
8494,1
8495,0
8496,0
8497,1
8498,0
8499,0
8500,0
8501,0
8502,0
8504,0
8505,0
8506,0
8507,1
8508,0
8509,1
8510,0
8511,0
8512,1
8513,1
8514,0
8515,1
8516,1
8517,1
8518,0
8519,1
8520,0
8522,0
8523,1
8524,0
8525,1
8526,1
8527,1
8528,1
8529,0
8530,1
8531,1
8532,1
8533,0
8534,0
8537,0
8538,1
8539,0
8540,1
8541,1
8543,0
8544,0
8545,0
8546,1
8547,1
8548,0
8549,0
8550,1
8551,1
8553,1
8554,1
8555,1
8556,1
8557,1
8558,1
8559,1
8560,0
8561,0
8563,0
8564,1
8566,1
8567,0
8569,0
8570,0
8571,0
8572,1
8573,0
8574,1
8575,1
8576,0
8577,1
8578,0
8579,1
8580,0
8581,0
8582,0
8583,1
8584,0
8585,1
8586,0
8587,1
8588,0
8589,0
8590,0
8591,0
8592,1
8593,0
8594,0
8595,1
8596,0
8598,1
8599,0
8600,0
8601,0
8602,1
8603,0
8604,1
8605,0
8606,1
8607,1
8608,1
8609,1
8610,1
8611,0
8612,0
8613,1
8614,0
8617,0
8618,1
8619,1
8620,1
8621,0
8622,1
8623,1
8624,1
8625,1
8626,0
8627,1
8628,1
8629,1
8630,0
8631,0
8632,0
8633,1
8634,0
8635,1
8636,1
8637,0
8638,1
8639,1
8640,0
8641,0
8642,0
8644,1
8645,1
8646,0
8647,0
8648,1
8649,0
8650,1
8651,1
8652,0
8653,0
8654,1
8655,0
8656,0
8657,1
8658,1
8659,1
8660,0
8661,1
8662,0
8663,0
8664,1
8665,0
8666,1
8667,0
8668,1
8669,1
8670,0
8671,0
8672,0
8673,0
8674,1
8675,1
8676,0
8677,0
8678,1
8679,0
8680,1
8681,1
8682,0
8683,1
8684,0
8685,0
8686,0
8687,1
8688,0
8690,1
8691,1
8692,0
8693,1
8694,0
8695,0
8696,0
8697,0
8698,0
8700,1
8701,0
8702,0
8703,0
8704,1
8705,1
8706,1
8707,1
8708,0
8709,1
8710,0
8711,1
8712,0
8713,1
8715,0
8716,1
8717,0
8718,1
8719,1
8720,1
8721,0
8722,1
8723,1
8725,0
8726,0
8727,0
8728,1
8729,1
8730,1
8731,1
8732,0
8733,0
8734,1
8735,0
8736,1
8737,1
8738,0
8739,0
8740,0
8741,1
8742,1
8743,1
8744,0
8745,0
8746,0
8747,0
8748,1
8749,1
8751,0
8752,1
8753,0
8754,0
8755,1
8756,0
8757,1
8758,0
8759,1
8760,1
8761,0
8762,0
8763,1
8764,1
8765,0
8766,0
8767,1
8768,0
8769,0
8770,1
8771,1
8772,1
8773,1
8774,0
8775,1
8776,0
8777,1
8778,0
8779,0
8780,1
8781,1
8782,1
8783,0
8784,0
8785,0
8786,1
8787,1
8788,0
8789,0
8790,1
8791,0
8793,1
8794,0
8795,1
8796,0
8797,1
8798,1
8799,1
8800,1
8801,1
8803,0
8805,0
8806,1
8807,1
8808,0
8809,1
8810,1
8812,1
8813,0
8814,1
8815,1
8816,1
8817,1
8818,0
8819,0
8820,0
8821,0
8822,1
8823,0
8824,0
8825,0
8826,0
8827,0
8828,0
8829,0
8830,1
8831,0
8832,1
8833,1
8834,0
8835,0
8836,1
8837,1
8838,1
8839,0
8840,1
8841,1
8842,1
8843,1
8844,0
8845,0
8846,0
8847,1
8848,0
8849,1
8850,1
8851,0
8852,1
8853,0
8854,0
8855,1
8856,0
8857,1
8858,0
8859,1
8860,1
8861,1
8862,1
8863,1
8864,0
8865,1
8866,0
8867,0
8868,0
8869,0
8870,0
8871,1
8872,1
8873,0
8874,0
8875,0
8876,1
8877,0
8878,0
8879,1
8880,0
8881,0
8882,0
8883,1
8884,1
8885,0
8886,0
8887,0
8888,1
8890,0
8891,0
8892,0
8894,0
8895,1
8896,1
8898,1
8899,0
8900,0
8901,1
8902,0
8903,0
8904,1
8905,0
8906,1
8907,0
8908,0
8909,1
8910,0
8911,0
8912,0
8913,1
8914,0
8915,0
8916,1
8917,1
8918,0
8919,0
8920,1
8921,1
8922,0
8923,1
8924,0
8925,0
8926,1
8927,1
8928,0
8929,0
8930,0
8931,0
8932,0
8933,0
8934,1
8935,1
8936,1
8937,0
8938,1
8939,0
8940,1
8941,0
8942,0
8943,0
8944,1
8945,1
8946,0
8948,1
8949,0
8950,0
8951,0
8952,0
8953,0
8954,1
8955,0
8956,1
8957,1
8958,0
8959,0
8960,0
8961,0
8962,1
8963,0
8965,0
8966,0
8967,1
8969,0
8970,0
8971,0
8972,0
8973,0
8974,1
8976,1
8977,0
8978,0
8979,0
8980,0
8981,0
8982,0
8983,1
8984,1
8985,0
8986,1
8987,0
8988,0
8989,0
8990,0
8991,0
8992,0
8993,0
8994,0
8995,0
8996,0
8997,0
8998,1
8999,1
9000,1
9001,1
9002,0
9003,0
9004,1
9005,0
9006,1
9007,1
9008,1
9009,1
9010,0
9011,0
9012,0
9013,0
9014,0
9015,1
9016,0
9017,0
9018,0
9019,0
9020,1
9021,0
9022,0
9023,0
9024,1
9025,1
9026,0
9027,0
9028,1
9030,1
9031,0
9032,0
9033,1
9034,0
9035,0
9036,0
9039,1
9040,0
9041,0
9042,0
9043,1
9044,1
9045,0
9046,0
9047,0
9048,0
9049,0
9050,1
9051,1
9052,1
9053,1
9054,0
9055,0
9056,1
9057,1
9058,1
9060,0
9061,1
9062,1
9063,1
9064,1
9065,0
9066,0
9067,1
9068,1
9069,0
9070,0
9071,0
9072,0
9073,1
9074,1
9075,1
9076,0
9077,1
9078,1
9079,0
9080,0
9081,0
9082,0
9083,1
9084,1
9085,1
9086,0
9087,0
9088,1
9089,1
9090,1
9091,1
9092,0
9093,0
9095,0
9096,0
9097,1
9098,0
9099,0
9100,0
9101,0
9103,0
9104,0
9105,0
9106,1
9107,1
9108,1
9110,1
9112,0
9113,0
9114,0
9115,0
9116,0
9117,1
9118,1
9119,0
9120,1
9121,1
9122,1
9123,1
9124,0
9125,0
9126,0
9127,0
9128,0
9129,0
9130,1
9131,0
9132,0
9133,0
9134,0
9135,1
9137,0
9138,1
9139,0
9140,1
9141,1
9142,1
9143,1
9144,0
9145,1
9146,0
9147,0
9148,0
9149,1
9150,0
9151,0
9152,1
9153,0
9154,1
9155,0
9156,1
9157,1
9158,1
9159,0
9160,0
9161,1
9162,1
9163,1
9164,1
9165,0
9166,0
9167,0
9168,1
9169,0
9170,0
9171,0
9172,1
9173,0
9174,1
9175,0
9176,1
9177,0
9178,1
9179,1
9181,0
9182,1
9183,0
9184,1
9185,1
9186,0
9187,0
9188,0
9189,1
9190,1
9191,0
9192,1
9193,1
9194,0
9195,0
9196,1
9197,1
9198,1
9199,1
9200,0
9201,1
9202,1
9203,1
9204,0
9205,0
9206,1
9207,1
9208,0
9209,1
9210,1
9211,1
9212,0
9213,0
9214,1
9215,1
9216,0
9217,0
9218,1
9219,0
9220,0
9221,0
9222,0
9223,1
9224,0
9225,0
9226,0
9227,1
9228,0
9229,1
9230,1
9231,0
9232,0
9234,0
9235,0
9236,0
9237,0
9238,0
9239,1
9240,1
9241,1
9243,0
9244,0
9245,1
9246,1
9247,1
9248,1
9249,0
9251,0
9252,1
9253,0
9254,0
9255,0
9256,1
9257,1
9258,0
9259,1
9260,1
9261,1
9262,0
9264,0
9265,0
9266,0
9267,1
9268,1
9270,0
9271,0
9272,0
9273,1
9274,1
9275,0
9276,0
9277,1
9278,0
9279,0
9280,0
9281,0
9282,0
9283,0
9284,1
9285,1
9286,1
9288,0
9289,0
9290,1
9291,1
9292,0
9293,1
9294,1
9295,0
9296,1
9297,1
9298,0
9299,1
9300,0
9301,0
9302,1
9303,0
9304,0
9305,1
9306,1
9307,0
9308,1
9309,0
9310,1
9311,1
9312,1
9313,1
9314,1
9315,0
9316,0
9317,1
9318,0
9319,0
9320,0
9321,0
9322,1
9323,0
9324,1
9325,0
9326,1
9327,0
9328,0
9329,1
9330,1
9331,1
9332,1
9333,1
9334,1
9335,0
9336,1
9338,0
9339,1
9340,0
9341,0
9342,0
9343,0
9344,1
9345,1
9346,0
9347,1
9348,0
9349,1
9350,0
9351,0
9352,0
9353,1
9354,1
9355,0
9356,1
9357,1
9358,0
9360,0
9361,0
9362,1
9364,1
9365,1
9366,0
9367,1
9368,0
9369,1
9370,1
9371,0
9372,1
9374,1
9375,1
9376,1
9377,1
9378,0
9379,0
9380,0
9381,0
9382,0
9383,1
9384,1
9385,1
9386,0
9387,1
9388,1
9389,0
9390,0
9391,1
9392,0
9393,1
9394,1
9395,0
9396,1
9397,0
9398,1
9399,1
9400,1
9401,1
9402,1
9403,1
9404,1
9405,1
9406,0
9407,1
9408,1
9409,1
9410,1
9411,0
9412,0
9413,0
9415,1
9416,1
9417,0
9418,0
9419,1
9420,1
9421,1
9422,1
9423,0
9424,1
9425,1
9426,1
9427,0
9428,1
9429,1
9430,0
9431,0
9432,1
9433,1
9434,0
9435,0
9436,1
9437,0
9438,1
9439,1
9440,1
9441,0
9442,0
9443,1
9444,1
9445,1
9447,0
9448,1
9449,1
9450,1
9451,1
9452,0
9453,1
9454,1
9455,1
9456,1
9457,1
9458,1
9459,1
9460,1
9461,1
9462,0
9463,1
9464,0
9465,0
9466,0
9467,0
9468,1
9469,0
9470,1
9471,0
9472,0
9473,1
9474,1
9475,0
9476,1
9477,0
9478,0
9479,0
9480,0
9481,1
9482,0
9483,1
9484,0
9485,1
9486,1
9487,0
9488,1
9489,0
9490,0
9493,1
9494,1
9495,0
9496,1
9497,1
9498,1
9499,0
9500,0
9501,0
9502,0
9503,0
9504,0
9505,0
9506,0
9507,0
9508,1
9509,1
9510,1
9511,1
9512,1
9513,1
9514,0
9515,0
9516,0
9517,0
9518,0
9519,1
9520,0
9521,1
9523,1
9524,0
9525,1
9526,1
9529,1
9530,0
9531,1
9532,0
9533,1
9534,1
9535,0
9536,0
9537,1
9538,1
9539,0
9540,1
9541,0
9542,1
9543,0
9544,1
9545,0
9546,1
9547,1
9548,1
9549,0
9550,1
9551,1
9552,0
9553,0
9554,0
9556,1
9557,1
9558,0
9559,1
9560,0
9561,0
9562,1
9563,0
9565,1
9566,1
9567,0
9569,0
9571,1
9572,0
9573,1
9574,1
9575,1
9577,1
9578,1
9579,0
9580,1
9581,0
9583,1
9584,0
9585,1
9588,1
9589,0
9590,1
9591,1
9593,1
9594,0
9595,1
9596,0
9597,1
9598,0
9599,0
9600,0
9601,1
9602,1
9603,1
9604,0
9605,1
9606,1
9607,0
9608,1
9609,1
9610,0
9611,1
9612,1
9613,1
9614,0
9615,0
9616,0
9617,0
9618,0
9619,0
9620,1
9621,0
9622,1
9623,1
9624,1
9625,0
9626,1
9627,0
9628,1
9629,0
9630,0
9631,1
9632,1
9633,0
9634,1
9635,1
9636,1
9637,1
9638,0
9639,1
9640,0
9641,0
9642,1
9643,1
9644,1
9645,1
9646,0
9647,1
9648,0
9649,0
9650,1
9651,0
9653,1
9654,1
9655,0
9656,0
9657,1
9658,1
9659,1
9660,0
9661,1
9662,1
9663,1
9664,0
9665,1
9666,1
9667,1
9668,0
9669,0
9670,0
9671,0
9672,0
9673,1
9674,1
9675,0
9676,1
9677,0
9678,0
9679,1
9680,1
9681,1
9682,0
9683,1
9684,0
9685,1
9686,0
9687,1
9688,0
9689,1
9690,0
9691,1
9692,1
9693,1
9694,0
9695,1
9696,0
9697,0
9698,0
9699,1
9700,0
9701,1
9703,1
9704,0
9705,1
9706,0
9707,1
9709,0
9710,1
9711,0
9712,1
9713,1
9714,1
9715,0
9716,0
9717,1
9718,1
9719,0
9720,0
9721,1
9722,1
9724,1
9725,0
9726,1
9727,1
9728,0
9729,1
9730,0
9731,0
9732,0
9733,1
9734,1
9735,0
9736,0
9737,1
9738,1
9739,1
9740,1
9741,0
9742,1
9743,1
9745,1
9746,1
9747,0
9748,1
9749,0
9751,0
9752,1
9753,1
9754,1
9755,1
9756,0
9757,1
9758,0
9759,0
9760,1
9761,0
9762,1
9764,1
9765,1
9766,1
9768,0
9769,1
9770,0
9771,1
9773,0
9774,0
9775,1
9776,0
9777,0
9778,0
9779,1
9780,1
9781,0
9782,1
9783,0
9784,0
9785,0
9786,0
9787,1
9788,1
9789,0
9791,0
9792,1
9793,1
9794,1
9795,0
9796,1
9797,1
9798,1
9799,0
9800,0
9801,1
9802,0
9803,0
9804,1
9805,1
9806,1
9807,1
9808,0
9809,0
9810,0
9811,0
9812,1
9813,1
9814,1
9815,1
9816,1
9817,0
9818,1
9819,1
9820,1
9821,1
9822,0
9823,1
9824,1
9825,1
9826,1
9827,1
9828,0
9829,1
9830,0
9831,1
9832,1
9833,0
9834,0
9835,1
9836,0
9837,1
9838,1
9839,1
9840,0
9841,0
9842,0
9843,1
9845,0
9846,0
9847,0
9848,1
9849,1
9850,1
9851,1
9852,0
9853,0
9854,0
9855,1
9856,0
9857,1
9858,0
9859,1
9860,1
9861,1
9862,1
9863,1
9864,0
9865,0
9866,0
9867,1
9868,1
9869,1
9870,1
9871,1
9872,1
9873,1
9874,1
9875,0
9876,0
9877,0
9878,0
9879,1
9880,0
9881,1
9882,1
9883,1
9884,1
9885,1
9887,1
9888,0
9889,1
9890,0
9891,0
9892,0
9893,0
9894,1
9895,0
9897,1
9898,1
9899,0
9900,0
9901,0
9902,0
9903,1
9904,0
9905,0
9906,1
9907,0
9908,1
9909,1
9910,0
9911,0
9912,1
9913,0
9914,1
9915,0
9916,0
9917,0
9918,1
9919,1
9920,0
9921,1
9922,1
9923,0
9924,0
9925,0
9926,0
9927,1
9928,0
9929,0
9930,1
9931,0
9932,1
9933,1
9934,1
9935,1
9937,1
9938,0
9939,0
9940,0
9941,0
9942,1
9943,0
9944,0
9945,0
9946,0
9947,0
9948,0
9950,0
9952,1
9953,1
9954,1
9955,0
9956,0
9957,1
9958,1
9959,1
9960,1
9961,1
9962,0
9963,1
9964,1
9965,0
9966,0
9967,1
9969,0
9970,0
9971,0
9972,0
9973,1
9974,1
9975,0
9976,1
9977,0
9978,0
9979,1
9980,1
9981,0
9982,1
9984,0
9985,0
9986,1
9987,0
9988,0
9989,0
9990,1
9991,1
9992,1
9993,1
9994,0
9995,1
9996,1
9997,1
9998,0
9999,1
10000,1
10001,0
10002,1
10003,1
10004,0
10005,0
10006,1
10007,0
10008,0
10009,0
10010,1
10011,1
10012,1
10013,0
10014,1
10015,1
10016,1
10017,0
10018,1
10019,1
10020,0
10021,1
10022,1
10023,1
10024,1
10025,0
10027,1
10028,0
10030,0
10031,1
10032,1
10033,1
10034,1
10035,1
10036,0
10037,0
10038,1
10039,0
10040,1
10041,0
10042,1
10043,0
10044,0
10045,1
10046,0
10047,1
10048,1
10049,0
10050,0
10052,1
10053,1
10054,1
10055,0
10056,0
10057,1
10058,1
10059,0
10060,0
10061,1
10062,1
10063,0
10064,1
10065,1
10066,0
10067,1
10068,1
10070,0
10071,0
10072,1
10073,0
10074,1
10075,1
10076,0
10077,0
10078,0
10079,0
10080,1
10081,1
10082,1
10083,0
10084,1
10086,0
10087,0
10088,1
10089,1
10090,0
10092,1
10093,1
10094,1
10095,0
10096,0
10097,1
10098,1
10099,0
10100,0
10101,1
10102,1
10103,0
10104,1
10105,1
10106,1
10107,0
10108,0
10109,0
10110,0
10111,0
10112,1
10113,0
10114,0
10115,0
10116,0
10117,1
10118,0
10119,1
10120,1
10121,1
10122,1
10123,1
10125,1
10126,1
10127,1
10128,1
10129,1
10130,0
10131,1
10132,1
10133,0
10134,0
10135,0
10136,1
10137,0
10138,1
10139,0
10140,1
10141,1
10142,0
10143,0
10145,1
10146,1
10147,0
10148,0
10149,1
10150,1
10151,1
10152,0
10153,1
10154,1
10155,0
10156,1
10157,1
10158,1
10159,1
10160,0
10161,1
10162,1
10163,1
10164,1
10165,1
10166,0
10167,0
10168,0
10169,1
10170,0
10171,0
10172,1
10173,1
10174,0
10175,0
10176,1
10177,1
10178,1
10179,0
10180,1
10181,0
10182,0
10183,0
10184,1
10185,0
10186,0
10187,1
10188,1
10189,0
10190,0
10191,0
10192,0
10193,1
10194,1
10195,1
10196,0
10197,0
10198,0
10199,0
10200,0
10201,0
10202,0
10203,0
10204,1
10205,0
10206,1
10207,0
10208,0
10209,1
10210,1
10211,0
10212,0
10213,1
10214,0
10215,0
10216,0
10217,1
10218,1
10219,0
10220,1
10221,1
10222,1
10223,0
10225,1
10226,1
10227,1
10228,0
10229,0
10230,1
10231,1
10232,1
10233,0
10234,1
10235,1
10236,1
10237,0
10238,1
10239,1
10240,1
10241,0
10242,0
10243,0
10244,0
10245,0
10246,1
10247,0
10248,1
10249,1
10250,0
10251,1
10252,0
10253,1
10254,0
10255,0
10256,1
10257,0
10258,0
10259,0
10260,1
10262,0
10263,1
10264,1
10265,0
10266,0
10267,1
10268,0
10270,0
10271,1
10272,1
10273,1
10274,1
10275,0
10276,1
10277,0
10278,1
10279,0
10280,1
10281,1
10282,0
10283,0
10284,0
10285,0
10286,0
10289,0
10290,1
10291,1
10293,1
10294,1
10295,1
10296,1
10297,0
10298,0
10299,0
10300,0
10301,1
10302,1
10303,0
10304,0
10305,0
10306,1
10307,0
10308,1
10309,1
10310,0
10311,0
10312,1
10313,0
10314,0
10315,0
10316,0
10317,0
10318,0
10320,1
10321,1
10322,0
10323,0
10324,0
10325,1
10326,0
10327,1
10328,1
10329,0
10330,1
10331,1
10332,0
10333,0
10334,1
10335,1
10336,1
10337,1
10338,0
10340,1
10341,0
10342,0
10343,1
10344,1
10345,0
10346,0
10347,0
10348,1
10349,1
10350,0
10351,1
10352,1
10353,0
10354,0
10355,0
10356,1
10357,1
10358,0
10359,0
10360,0
10361,0
10362,0
10363,0
10364,0
10365,1
10366,1
10367,1
10368,1
10369,1
10370,1
10371,1
10372,0
10373,0
10374,1
10375,1
10376,1
10377,1
10378,1
10379,0
10380,0
10381,1
10382,0
10383,0
10384,1
10385,1
10386,0
10387,1
10388,1
10389,0
10390,0
10391,0
10392,1
10393,1
10394,1
10395,0
10396,0
10397,1
10398,0
10399,1
10400,1
10401,1
10402,1
10403,0
10404,0
10405,0
10406,1
10407,1
10408,1
10409,1
10410,1
10411,0
10412,0
10413,0
10414,0
10416,0
10417,0
10418,1
10419,0
10421,0
10423,1
10424,1
10425,0
10426,0
10427,0
10428,1
10429,0
10430,0
10431,0
10432,0
10433,0
10434,1
10435,0
10436,0
10437,0
10438,1
10439,0
10441,1
10442,1
10443,0
10445,1
10446,1
10447,0
10448,0
10449,1
10450,0
10451,0
10452,0
10453,0
10454,0
10455,1
10456,1
10457,1
10458,1
10459,1
10460,1
10461,1
10462,1
10463,1
10464,1
10465,0
10466,1
10467,0
10468,1
10470,0
10471,1
10472,0
10473,0
10474,0
10475,1
10476,1
10477,1
10478,0
10479,0
10480,1
10481,0
10482,0
10483,1
10484,0
10486,0
10487,1
10488,0
10489,1
10490,0
10491,0
10492,0
10493,0
10494,1
10495,1
10496,1
10497,0
10498,0
10499,1
10500,1
10501,0
10503,1
10504,1
10505,1
10506,1
10507,0
10508,1
10510,0
10511,0
10512,0
10513,0
10514,1
10515,1
10516,0
10517,1
10518,1
10519,0
10520,1
10521,0
10522,1
10523,0
10525,1
10526,1
10527,1
10528,1
10529,1
10530,1
10531,0
10532,1
10533,1
10534,1
10535,1
10536,0
10537,0
10538,0
10539,1
10540,0
10541,1
10542,1
10543,1
10544,1
10545,0
10546,1
10547,0
10548,0
10549,1
10550,1
10551,1
10552,1
10553,1
10554,0
10555,1
10556,1
10557,1
10558,1
10559,0
10560,0
10561,1
10562,0
10563,0
10564,0
10565,0
10566,1
10568,1
10569,0
10571,0
10572,1
10573,1
10574,1
10575,0
10576,0
10577,1
10578,1
10579,1
10580,0
10581,1
10582,0
10583,1
10584,0
10585,0
10586,0
10587,1
10588,0
10589,0
10591,0
10592,1
10593,0
10594,0
10595,0
10596,1
10597,0
10599,1
10600,1
10601,1
10602,1
10603,1
10604,1
10605,0
10606,1
10607,0
10608,1
10609,0
10610,0
10611,1
10612,0
10613,1
10614,1
10615,0
10616,0
10617,1
10618,1
10619,1
10620,0
10621,1
10623,0
10624,1
10625,1
10626,1
10627,1
10628,1
10629,0
10630,0
10631,1
10632,0
10633,0
10634,0
10635,0
10636,0
10637,1
10638,1
10639,0
10640,1
10641,1
10642,0
10643,0
10645,1
10646,1
10647,1
10648,0
10649,0
10650,0
10651,1
10652,1
10653,1
10654,0
10655,0
10656,1
10657,1
10658,1
10659,1
10660,0
10661,0
10662,1
10663,0
10664,1
10665,0
10666,0
10667,1
10668,0
10669,0
10670,0
10671,1
10672,1
10673,0
10675,0
10676,1
10677,1
10678,1
10679,0
10680,1
10681,0
10682,1
10683,0
10684,0
10685,0
10686,1
10687,0
10688,0
10689,0
10690,0
10691,0
10692,0
10693,0
10694,0
10695,0
10696,0
10697,0
10698,0
10699,1
10700,1
10701,1
10702,0
10703,1
10704,0
10706,1
10707,1
10708,0
10709,1
10710,1
10711,1
10712,0
10713,1
10714,1
10715,1
10716,1
10717,0
10718,1
10719,0
10720,0
10721,1
10722,0
10723,1
10724,0
10725,1
10726,1
10727,1
10728,1
10729,1
10730,1
10731,0
10732,1
10733,1
10734,0
10735,1
10736,1
10737,1
10738,0
10739,0
10741,1
10742,0
10743,1
10744,1
10746,0
10747,1
10748,1
10749,1
10750,1
10751,0
10752,1
10753,0
10754,0
10755,1
10756,0
10757,0
10758,1
10759,0
10760,0
10761,1
10762,0
10763,0
10764,1
10765,0
10766,0
10769,0
10770,1
10771,0
10772,0
10774,0
10775,1
10776,0
10777,0
10778,0
10779,1
10780,0
10781,1
10782,0
10783,0
10784,1
10785,1
10786,1
10787,1
10788,1
10789,0
10790,1
10791,1
10792,0
10793,0
10794,0
10795,0
10797,1
10798,1
10799,0
10800,0
10801,0
10802,0
10803,0
10804,1
10805,0
10806,0
10807,0
10808,0
10809,0
10810,1
10811,1
10812,1
10813,1
10814,0
10816,1
10817,1
10818,1
10819,0
10820,0
10821,1
10822,0
10823,0
10824,0
10825,1
10826,1
10827,1
10828,0
10829,0
10830,1
10831,0
10832,1
10833,0
10834,0
10835,1
10836,0
10837,1
10838,1
10839,0
10840,1
10841,0
10843,1
10844,0
10845,0
10846,0
10847,1
10848,0
10849,1
10851,1
10852,1
10854,1
10855,1
10856,1
10857,1
10858,0
10860,0
10861,0
10862,1
10863,0
10864,1
10865,0
10866,1
10867,1
10868,0
10869,0
10870,0
10871,0
10872,1
10873,0
10874,0
10875,0
10876,1
10877,1
10878,0
10880,0
10881,1
10882,1
10883,0
10884,1
10885,0
10886,1
10887,0
10888,1
10889,1
10890,0
10891,0
10892,1
10893,0
10894,1
10896,0
10897,1
10898,0
10899,0
10900,1
10901,1
10902,1
10904,0
10905,0
10906,1
10908,1
10909,0
10910,0
10911,0
10912,1
10913,0
10914,1
10915,0
10916,0
10917,0
10918,0
10919,0
10920,1
10921,0
10922,0
10923,0
10924,0
10925,0
10926,0
10927,0
10928,1
10930,1
10931,1
10932,0
10933,0
10934,0
10935,0
10936,1
10937,0
10938,0
10939,1
10940,1
10941,0
10942,1
10943,0
10944,0
10945,1
10946,0
10947,0
10948,0
10949,1
10950,0
10951,0
10953,0
10954,1
10956,0
10957,1
10958,1
10959,1
10960,0
10961,0
10963,1
10964,1
10965,1
10966,0
10967,1
10968,1
10969,0
10970,1
10971,1
10972,0
10973,1
10974,1
10975,0
10977,1
10978,1
10979,0
10980,1
10981,0
10982,0
10983,0
10984,0
10985,0
10986,0
10987,1
10988,1
10989,1
10990,0
10991,0
10992,0
10993,1
10994,1
10995,1
10996,1
10997,1
10998,0
10999,1
11000,1
11001,0
11002,1
11003,1
11004,1
11005,0
11006,1
11007,0
11009,0
11010,1
11011,0
11014,0
11015,1
11016,0
11017,1
11018,0
11019,1
11020,1
11021,0
11022,0
11023,1
11024,1
11025,1
11026,1
11027,1
11028,1
11029,1
11030,0
11031,0
11032,0
11033,1
11034,0
11035,1
11036,0
11037,1
11038,0
11039,1
11040,1
11041,1
11042,0
11043,1
11044,1
11045,0
11046,0
11047,0
11048,1
11049,0
11050,0
11051,1
11052,0
11053,0
11054,0
11055,0
11056,0
11057,1
11058,0
11059,1
11060,0
11061,1
11062,0
11063,0
11064,0
11065,1
11066,0
11067,0
11068,1
11069,0
11070,0
11071,0
11072,0
11073,1
11074,0
11075,0
11076,0
11077,0
11078,1
11079,1
11080,1
11081,1
11082,1
11083,1
11084,0
11087,1
11088,0
11089,1
11090,1
11091,1
11092,0
11093,0
11094,1
11095,1
11096,1
11097,0
11098,1
11099,1
11100,1
11101,0
11102,1
11103,0
11104,0
11105,0
11106,1
11107,0
11108,1
11109,1
11110,0
11111,0
11112,1
11113,1
11114,0
11115,0
11116,0
11117,0
11118,1
11119,0
11120,0
11121,1
11122,0
11123,0
11124,1
11125,0
11126,0
11127,0
11128,1
11129,0
11130,1
11131,0
11132,0
11133,0
11134,0
11135,0
11136,0
11137,1
11138,1
11139,0
11140,0
11141,1
11142,1
11143,1
11144,1
11145,1
11146,0
11147,1
11148,1
11149,0
11150,1
11151,0
11152,0
11153,1
11154,0
11155,1
11156,1
11157,1
11158,1
11159,1
11160,1
11161,0
11162,1
11163,0
11164,1
11165,1
11166,1
11167,1
11168,0
11169,1
11170,0
11171,1
11172,0
11173,1
11174,1
11175,0
11176,1
11177,0
11178,0
11179,1
11180,0
11181,0
11182,0
11183,0
11184,1
11185,0
11186,0
11187,0
11188,1
11189,1
11190,0
11191,1
11192,0
11193,1
11194,0
11195,1
11196,1
11197,0
11198,0
11199,1
11200,0
11201,1
11202,0
11203,0
11204,1
11206,0
11207,1
11208,0
11209,0
11210,0
11211,1
11212,0
11213,0
11214,1
11215,1
11216,0
11217,0
11218,1
11219,0
11220,0
11222,1
11224,1
11225,0
11226,1
11227,1
11228,1
11229,1
11230,1
11231,1
11232,1
11233,0
11234,0
11235,0
11236,0
11237,1
11238,0
11239,1
11240,1
11241,0
11242,0
11243,1
11245,1
11246,1
11247,1
11248,1
11249,0
11250,1
11251,1
11252,0
11253,0
11254,0
11255,0
11258,1
11259,0
11260,0
11261,1
11262,0
11263,1
11264,1
11265,1
11266,0
11267,0
11269,0
11271,1
11272,0
11273,1
11274,0
11275,1
11276,1
11277,0
11278,1
11279,0
11280,1
11281,1
11282,0
11283,1
11284,1
11285,0
11286,1
11287,1
11288,1
11290,0
11291,0
11292,1
11293,0
11295,1
11296,0
11297,0
11298,1
11299,0
11300,1
11301,0
11302,1
11303,0
11304,0
11305,0
11306,1
11307,1
11308,0
11309,0
11310,1
11311,1
11312,0
11313,1
11314,1
11315,0
11316,1
11317,0
11318,0
11319,0
11320,1
11321,1
11322,1
11323,0
11324,1
11325,1
11326,1
11327,1
11328,0
11329,1
11330,1
11331,1
11332,1
11333,0
11334,0
11335,0
11336,0
11337,1
11338,1
11339,0
11340,1
11341,0
11342,1
11343,0
11344,1
11345,0
11346,0
11347,0
11348,0
11349,1
11350,1
11351,0
11352,0
11353,1
11354,0
11355,1
11356,0
11357,1
11358,0
11359,0
11361,1
11362,1
11363,0
11364,0
11365,0
11366,0
11367,0
11368,1
11369,0
11370,1
11371,1
11372,1
11374,1
11375,0
11376,1
11377,0
11378,1
11380,1
11381,1
11382,0
11383,0
11384,0
11386,1
11387,0
11388,0
11389,1
11390,0
11391,1
11392,1
11393,0
11394,0
11395,1
11396,1
11397,1
11398,1
11400,1
11401,1
11402,1
11403,0
11404,0
11405,0
11406,1
11407,0
11408,0
11409,1
11410,0
11411,1
11412,1
11413,0
11414,0
11415,1
11416,1
11417,1
11418,0
11419,1
11420,1
11421,0
11422,1
11423,0
11424,1
11425,1
11426,0
11427,1
11428,1
11429,0
